Organisation,Type,Region,Priority (1 = first),Why they matter,Role or person to reach,Named public contact (papers / programme leads only),Website,Channel,Pitch angle,Email,Status,Notes
"Nissan North America (Franklin, TN)",AV fleet / OEM,TN,1,CIRCLES field-test partner; headquartered next to the I-24 corridor,Advanced vehicle engineering; research partnerships,,https://nissanusa.com,Research partnerships page; warm introduction through CIRCLES or Vanderbilt,"Before deploying smoothing at scale, the dose-response on a calibrated real corridor: what 1 to 20 percent penetration does to throughput, travel time and fuel.",,not contacted,
Toyota Motor North America R&D / Toyota Research Institute,AV fleet / OEM,US,1,CIRCLES partner; traffic-smoothing research interest,TRI research; TMNA R&D,,https://tri.global,Research partnerships page; warm introduction through CIRCLES or Vanderbilt,"Before deploying smoothing at scale, the dose-response on a calibrated real corridor: what 1 to 20 percent penetration does to throughput, travel time and fuel.",,not contacted,
Cambridge Systematics,Consultancy,US,1,Modeling and operations planning consultancy; TSMO programme work for DOTs,Modeling practice leads,,https://camsys.com,Public contact page on the website; LinkedIn for the named role; TRB Annual Meeting and ITE section meetings,"The two weeks of hand calibration per corridor, automated: onboard from OpenStreetMap, calibrate to counts, run scenarios, generate the report. Per-study pricing first.",,not contacted,
DKS Associates,Consultancy,US,1,Traffic operations and ITS consultancy (West),Traffic operations principals,,https://dksassociates.com,Public contact page on the website; LinkedIn for the named role; TRB Annual Meeting and ITE section meetings,"The two weeks of hand calibration per corridor, automated: onboard from OpenStreetMap, calibrate to counts, run scenarios, generate the report. Per-study pricing first.",,not contacted,
Fehr & Peers,Consultancy,US,1,Simulation-heavy planning consultancy on the West Coast,Simulation and traffic operations leads,,https://fehrandpeers.com,Public contact page on the website; LinkedIn for the named role; TRB Annual Meeting and ITE section meetings,"The two weeks of hand calibration per corridor, automated: onboard from OpenStreetMap, calibrate to counts, run scenarios, generate the report. Per-study pricing first.",,not contacted,
Gresham Smith,Consultancy,TN,1,Nashville-based; delivered the I-24 MOTION infrastructure; closest to the flagship,Transportation / ITS practice lead; traffic modeling lead,,https://greshamsmith.com,Public contact page on the website; LinkedIn for the named role; TRB Annual Meeting and ITE section meetings,"The two weeks of hand calibration per corridor, automated: onboard from OpenStreetMap, calibrate to counts, run scenarios, generate the report. Per-study pricing first.",,not contacted,
Iteris,Consultancy,US,1,Consultancy plus software (ClearGuide); buys and sells traffic analytics,Consulting services leads; product management,,https://iteris.com,Public contact page on the website; LinkedIn for the named role; TRB Annual Meeting and ITE section meetings,"The two weeks of hand calibration per corridor, automated: onboard from OpenStreetMap, calibrate to counts, run scenarios, generate the report. Per-study pricing first.",,not contacted,
Kimley-Horn,Consultancy,US,1,Very large traffic-engineering and microsimulation practice; publishes rate schedules,National TSMO / traffic operations leads; regional simulation leads,,https://kimley-horn.com,Public contact page on the website; LinkedIn for the named role; TRB Annual Meeting and ITE section meetings,"The two weeks of hand calibration per corridor, automated: onboard from OpenStreetMap, calibrate to counts, run scenarios, generate the report. Per-study pricing first.",,not contacted,
Kittelson & Associates,Consultancy,US,1,Traffic operations and simulation specialists; HCM and calibration thought leadership,Principals in traffic analysis and simulation,,https://kittelson.com,Public contact page on the website; LinkedIn for the named role; TRB Annual Meeting and ITE section meetings,"The two weeks of hand calibration per corridor, automated: onboard from OpenStreetMap, calibrate to counts, run scenarios, generate the report. Per-study pricing first.",,not contacted,
Neel-Schaffer,Consultancy,TN,1,Nashville-region traffic engineering consultancy with TDOT work,Traffic engineering practice lead,,https://neel-schaffer.com,Public contact page on the website; LinkedIn for the named role; TRB Annual Meeting and ITE section meetings,"The two weeks of hand calibration per corridor, automated: onboard from OpenStreetMap, calibrate to counts, run scenarios, generate the report. Per-study pricing first.",,not contacted,
Caltrans PeMS,"Data, sensors, integrators",CA,1,Public detector data; loader exists; the DOT-style validation case,PeMS programme (Caltrans Division of Traffic Operations),,https://pems.dot.ca.gov,Public contact page on the website; LinkedIn for the named role; TRB Annual Meeting and ITE section meetings,The live-advisory path needs sensing and actuation partners; FlowState brings the calibrated model and the state estimator.,,not contacted,
TDOT SmartWay Traffic Management Center,"Data, sensors, integrators",TN,1,Operates the I-24 SMART Corridor gantries; the live path's first actuator,TMC operations manager,,https://smartway.tn.gov,Public contact page on the website; LinkedIn for the named role; TRB Annual Meeting and ITE section meetings,The live-advisory path needs sensing and actuation partners; FlowState brings the calibrated model and the state estimator.,,not contacted,
FHWA Office of Operations,Federal / industry body,US,1,Owns the Traffic Analysis Toolbox guidance the report follows,"Office of Operations, Transportation Management; Traffic Analysis Tools programme",,https://ops.fhwa.dot.gov,Public contact page on the website; LinkedIn for the named role; TRB Annual Meeting and ITE section meetings,"A reproducible, open validation record that follows the Traffic Analysis Toolbox; a speaker or demo for a session; SBIR fit.",,not contacted,
FHWA Turner-Fairbank Highway Research Center (Saxton Lab),Federal / industry body,US,1,CAV and traffic-operations research lab; testbed partnerships,Saxton Transportation Operations Laboratory,,https://highways.dot.gov/research,Public contact page on the website; LinkedIn for the named role; TRB Annual Meeting and ITE section meetings,"A reproducible, open validation record that follows the Traffic Analysis Toolbox; a speaker or demo for a session; SBIR fit.",,not contacted,
Institute of Transportation Engineers (ITE),Federal / industry body,US,1,Practitioner community; section meetings are the consultant channel,"ITE sections (Tennessee, Texas, Florida); TSMO council",,https://ite.org,Public contact page on the website; LinkedIn for the named role; TRB Annual Meeting and ITE section meetings,"A reproducible, open validation record that follows the Traffic Analysis Toolbox; a speaker or demo for a session; SBIR fit.",,not contacted,
TRB Traffic Flow Theory and Characteristics Committee (ACP50),Federal / industry body,US,1,The academic community for this exact problem; Annual Meeting,Committee chair; annual meeting sessions,,https://trb.org,Public contact page on the website; LinkedIn for the named role; TRB Annual Meeting and ITE section meetings,"A reproducible, open validation record that follows the Traffic Analysis Toolbox; a speaker or demo for a session; SBIR fit.",,not contacted,
Atlanta Regional Commission (ARC),MPO / regional agency,GA,1,Atlanta freeways; strong modeling group,"Transportation Access and Mobility, Modeling",,https://atlantaregional.org,Public contact page on the website; LinkedIn for the named role; TRB Annual Meeting and ITE section meetings,"Corridor-level operations analysis that plugs into your regional model outputs; smoothing, VSL and metering scenarios with confidence intervals.",,not contacted,
Greater Nashville Regional Council (GNRC),MPO / regional agency,TN,1,Nashville area MPO; the flagship corridor is in its region,Transportation Director; travel demand modeling lead,,https://gnrc.org,Public contact page on the website; LinkedIn for the named role; TRB Annual Meeting and ITE section meetings,"Corridor-level operations analysis that plugs into your regional model outputs; smoothing, VSL and metering scenarios with confidence intervals.",,not contacted,
Houston-Galveston Area Council (H-GAC),MPO / regional agency,TX,1,Large freeway network; active modeling group,"Transportation Planning, Travel Modeling",,https://h-gac.com,Public contact page on the website; LinkedIn for the named role; TRB Annual Meeting and ITE section meetings,"Corridor-level operations analysis that plugs into your regional model outputs; smoothing, VSL and metering scenarios with confidence intervals.",,not contacted,
Maricopa Association of Governments (MAG),MPO / regional agency,AZ,1,Phoenix; very active modeling and operations planning,Transportation Technologies and Services; Modeling,,https://azmag.gov,Public contact page on the website; LinkedIn for the named role; TRB Annual Meeting and ITE section meetings,"Corridor-level operations analysis that plugs into your regional model outputs; smoothing, VSL and metering scenarios with confidence intervals.",,not contacted,
"Metropolitan Transportation Commission (MTC, Bay Area)",MPO / regional agency,CA,1,Bay Area; PeMS; Berkeley labs nearby,Data and Modeling; Operations (Bay Area Forward),,https://mtc.ca.gov,Public contact page on the website; LinkedIn for the named role; TRB Annual Meeting and ITE section meetings,"Corridor-level operations analysis that plugs into your regional model outputs; smoothing, VSL and metering scenarios with confidence intervals.",,not contacted,
North Central Texas Council of Governments (NCTCOG),MPO / regional agency,TX,1,Named second target; large in-house modeling group; Dallas demo corridor,"Transportation Department, Model Development; Congestion Management",,https://nctcog.org,Public contact page on the website; LinkedIn for the named role; TRB Annual Meeting and ITE section meetings,"Corridor-level operations analysis that plugs into your regional model outputs; smoothing, VSL and metering scenarios with confidence intervals.",,not contacted,
Southern California Association of Governments (SCAG),MPO / regional agency,CA,1,Largest MPO; PeMS data region,Modeling and Forecasting Department,,https://scag.ca.gov,Public contact page on the website; LinkedIn for the named role; TRB Annual Meeting and ITE section meetings,"Corridor-level operations analysis that plugs into your regional model outputs; smoothing, VSL and metering scenarios with confidence intervals.",,not contacted,
Arizona DOT (ADOT),State DOT,AZ,1,Phoenix freeway management system; MAG modeling nearby,Traffic Operations Center; Transportation Systems Management and Operations,,https://azdot.gov,Agency directory (traffic operations / TSMO division); ITE state section; AASHTO CTSO,"A calibrated twin of one of your corridors from public map data and your detector data, with the calibration report your reviewers expect, in a day of machine time; pilot priced as a study.",,not contacted,
Caltrans,State DOT,CA,1,PeMS detector data is public and the loader exists; DOT-style validation case with measured counts,Division of Traffic Operations; Office of Traffic Management (Mobility); District 4/7 operations,,https://dot.ca.gov,Agency directory (traffic operations / TSMO division); ITE state section; AASHTO CTSO,"A calibrated twin of one of your corridors from public map data and your detector data, with the calibration report your reviewers expect, in a day of machine time; pilot priced as a study.",,not contacted,
Colorado DOT (CDOT),State DOT,CO,1,I-70 mountain corridor VSL; RoadX innovation programme,Traffic Safety and Engineering; ITS branch,,https://codot.gov,Agency directory (traffic operations / TSMO division); ITE state section; AASHTO CTSO,"A calibrated twin of one of your corridors from public map data and your detector data, with the calibration report your reviewers expect, in a day of machine time; pilot priced as a study.",,not contacted,
Florida DOT (FDOT),State DOT,FL,1,"Large ITS programme (I-4 VSL history), unit-cost tables published, active microsimulation guidance",State Traffic Engineering and Operations Office; TSM&O programme; Systems Implementation Office,,https://fdot.gov,Agency directory (traffic operations / TSMO division); ITE state section; AASHTO CTSO,"A calibrated twin of one of your corridors from public map data and your detector data, with the calibration report your reviewers expect, in a day of machine time; pilot priced as a study.",,not contacted,
Georgia DOT,State DOT,GA,1,Metro Atlanta congestion; managed lanes; active TSMO office,Office of Traffic Operations; Office of Planning modeling,,https://dot.ga.gov,Agency directory (traffic operations / TSMO division); ITE state section; AASHTO CTSO,"A calibrated twin of one of your corridors from public map data and your detector data, with the calibration report your reviewers expect, in a day of machine time; pilot priced as a study.",,not contacted,
Michigan DOT (MDOT),State DOT,MI,1,Statewide probe data buyer; work-zone VSL trials,"Bureau of Field Services, ITS programme; Statewide Planning",,https://michigan.gov/mdot,Agency directory (traffic operations / TSMO division); ITE state section; AASHTO CTSO,"A calibrated twin of one of your corridors from public map data and your detector data, with the calibration report your reviewers expect, in a day of machine time; pilot priced as a study.",,not contacted,
Minnesota DOT (MnDOT),State DOT,MN,1,Twin Cities smart-lane VSL history; University of Minnesota (Stern) nearby,Regional Transportation Management Center; Office of Traffic Engineering,,https://dot.state.mn.us,Agency directory (traffic operations / TSMO division); ITE state section; AASHTO CTSO,"A calibrated twin of one of your corridors from public map data and your detector data, with the calibration report your reviewers expect, in a day of machine time; pilot priced as a study.",,not contacted,
North Carolina DOT (NCDOT),State DOT,NC,1,Probe-data cost comparisons published; growing TSMO,Transportation Mobility and Safety Division; Transportation Planning modeling,,https://ncdot.gov,Agency directory (traffic operations / TSMO division); ITE state section; AASHTO CTSO,"A calibrated twin of one of your corridors from public map data and your detector data, with the calibration report your reviewers expect, in a day of machine time; pilot priced as a study.",,not contacted,
Ohio DOT (ODOT),State DOT,OH,1,ODOT VISSIM protocol is a selectable criteria profile,Office of Traffic Operations; Modeling and Forecasting,,https://transportation.ohio.gov,Agency directory (traffic operations / TSMO division); ITE state section; AASHTO CTSO,"A calibrated twin of one of your corridors from public map data and your detector data, with the calibration report your reviewers expect, in a day of machine time; pilot priced as a study.",,not contacted,
Tennessee DOT (TDOT),State DOT,TN,1,Owns the I-24 corridor and the SMART Corridor gantries; the flagship results are the introduction; holds the radar counts,Director of Traffic Operations (TSMO); Long Range Planning modeling lead; Research Office,,https://tn.gov/tdot,Agency directory (traffic operations / TSMO division); ITE state section; AASHTO CTSO,"A calibrated twin of one of your corridors from public map data and your detector data, with the calibration report your reviewers expect, in a day of machine time; pilot priced as a study.",,not contacted,
Texas DOT (TxDOT),State DOT,TX,1,Named second target; TxDOT analysis procedures are a selectable criteria profile; Dallas demo corridor in the gallery,Traffic Safety / Traffic Operations Division; TPP modeling section; Research and Technology Implementation,,https://txdot.gov,Agency directory (traffic operations / TSMO division); ITE state section; AASHTO CTSO,"A calibrated twin of one of your corridors from public map data and your detector data, with the calibration report your reviewers expect, in a day of machine time; pilot priced as a study.",,not contacted,
Virginia DOT (VDOT),State DOT,VA,1,Publishes calibration research (VTRC); I-66/I-95 managed and VSL corridors,Operations Division; Transportation and Mobility Planning; VTRC,,https://virginiadot.org,Agency directory (traffic operations / TSMO division); ITE state section; AASHTO CTSO,"A calibrated twin of one of your corridors from public map data and your detector data, with the calibration report your reviewers expect, in a day of machine time; pilot priced as a study.",,not contacted,
Washington State DOT (WSDOT),State DOT,WA,1,Long-running VSL / active traffic management on I-5 and SR 520; strong TSMO culture,Traffic Operations; TSMO programme; Multimodal Planning,,https://wsdot.wa.gov,Agency directory (traffic operations / TSMO division); ITE state section; AASHTO CTSO,"A calibrated twin of one of your corridors from public map data and your detector data, with the calibration report your reviewers expect, in a day of machine time; pilot priced as a study.",,not contacted,
I-24 MOTION testbed,University / research lab,TN,1,The data instrument behind the flagship; the results are the introduction,Data team (Derek Gloudemans et al.); testbed director,,https://i24motion.org,University directory (public academic e-mail); cite the FlowState I-24 results in the first line,An open engine and a published validation record on I-24 MOTION data; collaboration on the merge and controller work; free or near-free licence.,,not contacted,
Texas A&M Transportation Institute (TTI),University / research lab,TX,1,Largest US transportation research institute; TxDOT research arm,Mobility and TSMO programme leads,,https://tti.tamu.edu,University directory (public academic e-mail); cite the FlowState I-24 results in the first line,An open engine and a published validation record on I-24 MOTION data; collaboration on the merge and controller work; free or near-free licence.,,not contacted,
"UC Berkeley, Institute of Transportation Studies / CIRCLES",University / research lab,CA,1,Led the CIRCLES consortium; RL traffic smoothing,Faculty listed; also the lab's programme manager,Prof. Alexandre M. Bayen; Prof. Maria Laura Delle Monache,https://its.berkeley.edu,University directory (public academic e-mail); cite the FlowState I-24 results in the first line,An open engine and a published validation record on I-24 MOTION data; collaboration on the merge and controller work; free or near-free licence.,,not contacted,
"University of Minnesota, Civil Engineering",University / research lab,MN,1,Lead author of the 2018 field experiments (FollowerStopper),Faculty listed; also the lab's programme manager,Prof. Raphael Stern,https://umn.edu,University directory (public academic e-mail); cite the FlowState I-24 results in the first line,An open engine and a published validation record on I-24 MOTION data; collaboration on the merge and controller work; free or near-free licence.,,not contacted,
"Vanderbilt University, Institute for Software Integrated Systems",University / research lab,TN,1,Runs I-24 MOTION; co-led the 100-vehicle CIRCLES test,Faculty listed; also the lab's programme manager,Prof. Daniel B. Work (I-24 MOTION); Prof. Jonathan Sprinkle,https://vanderbilt.edu,University directory (public academic e-mail); cite the FlowState I-24 results in the first line,An open engine and a published validation record on I-24 MOTION data; collaboration on the merge and controller work; free or near-free licence.,,not contacted,
Aurora Innovation,AV fleet / OEM,US,2,Autonomous trucking on Texas freeways (I-45),Autonomy research; policy,,https://aurora.tech,Research partnerships page; warm introduction through CIRCLES or Vanderbilt,"Before deploying smoothing at scale, the dose-response on a calibrated real corridor: what 1 to 20 percent penetration does to throughput, travel time and fuel.",,not contacted,
Ford Motor Company,AV fleet / OEM,US,2,BlueCruise fleet,Research and advanced engineering,,https://ford.com,Research partnerships page; warm introduction through CIRCLES or Vanderbilt,"Before deploying smoothing at scale, the dose-response on a calibrated real corridor: what 1 to 20 percent penetration does to throughput, travel time and fuel.",,not contacted,
General Motors,AV fleet / OEM,US,2,Super Cruise fleet; traffic-flow research,Advanced engineering; ADAS,,https://gm.com,Research partnerships page; warm introduction through CIRCLES or Vanderbilt,"Before deploying smoothing at scale, the dose-response on a calibrated real corridor: what 1 to 20 percent penetration does to throughput, travel time and fuel.",,not contacted,
Waymo,AV fleet / OEM,US,2,Largest robotaxi fleet; interested in traffic-flow effects,Research; policy and public affairs,,https://waymo.com,Research partnerships page; warm introduction through CIRCLES or Vanderbilt,"Before deploying smoothing at scale, the dose-response on a calibrated real corridor: what 1 to 20 percent penetration does to throughput, travel time and fuel.",,not contacted,
AECOM,Consultancy,US,2,Global; large simulation practice,Traffic engineering and simulation leads,,https://aecom.com,Public contact page on the website; LinkedIn for the named role; TRB Annual Meeting and ITE section meetings,"The two weeks of hand calibration per corridor, automated: onboard from OpenStreetMap, calibrate to counts, run scenarios, generate the report. Per-study pricing first.",,not contacted,
Arcadis,Consultancy,US,2,,Mobility and traffic practice,,https://arcadis.com,Public contact page on the website; LinkedIn for the named role; TRB Annual Meeting and ITE section meetings,"The two weeks of hand calibration per corridor, automated: onboard from OpenStreetMap, calibrate to counts, run scenarios, generate the report. Per-study pricing first.",,not contacted,
AtkinsRéalis,Consultancy,US,2,Simulation-heavy; UK roots in modeling,Traffic modeling practice,,https://atkinsrealis.com,Public contact page on the website; LinkedIn for the named role; TRB Annual Meeting and ITE section meetings,"The two weeks of hand calibration per corridor, automated: onboard from OpenStreetMap, calibrate to counts, run scenarios, generate the report. Per-study pricing first.",,not contacted,
HDR,Consultancy,US,2,,Traffic operations and ITS leads,,https://hdrinc.com,Public contact page on the website; LinkedIn for the named role; TRB Annual Meeting and ITE section meetings,"The two weeks of hand calibration per corridor, automated: onboard from OpenStreetMap, calibrate to counts, run scenarios, generate the report. Per-study pricing first.",,not contacted,
HNTB,Consultancy,US,2,Large DOT consultant; publishes rate schedules; ITS and traffic practice,Traffic engineering and ITS practice leads,,https://hntb.com,Public contact page on the website; LinkedIn for the named role; TRB Annual Meeting and ITE section meetings,"The two weeks of hand calibration per corridor, automated: onboard from OpenStreetMap, calibrate to counts, run scenarios, generate the report. Per-study pricing first.",,not contacted,
Jacobs,Consultancy,US,2,Large DOT consultant,Traffic and ITS practice leads,,https://jacobs.com,Public contact page on the website; LinkedIn for the named role; TRB Annual Meeting and ITE section meetings,"The two weeks of hand calibration per corridor, automated: onboard from OpenStreetMap, calibrate to counts, run scenarios, generate the report. Per-study pricing first.",,not contacted,
Michael Baker International,Consultancy,US,2,,Traffic and ITS practice,,https://mbakerintl.com,Public contact page on the website; LinkedIn for the named role; TRB Annual Meeting and ITE section meetings,"The two weeks of hand calibration per corridor, automated: onboard from OpenStreetMap, calibrate to counts, run scenarios, generate the report. Per-study pricing first.",,not contacted,
Parsons,Consultancy,US,2,ITS systems integrator and TMC operator,ITS practice; TMC operations,,https://parsons.com,Public contact page on the website; LinkedIn for the named role; TRB Annual Meeting and ITE section meetings,"The two weeks of hand calibration per corridor, automated: onboard from OpenStreetMap, calibrate to counts, run scenarios, generate the report. Per-study pricing first.",,not contacted,
Southwest Research Institute (SwRI) ITS,Consultancy,TX,2,Builds ATMS software (Lonestar) for TxDOT and others; integration partner for a live path,"Intelligent Systems Division, ITS",,https://swri.org,Public contact page on the website; LinkedIn for the named role; TRB Annual Meeting and ITE section meetings,"The two weeks of hand calibration per corridor, automated: onboard from OpenStreetMap, calibrate to counts, run scenarios, generate the report. Per-study pricing first.",,not contacted,
Stantec,Consultancy,US,2,,Transportation planning and traffic leads,,https://stantec.com,Public contact page on the website; LinkedIn for the named role; TRB Annual Meeting and ITE section meetings,"The two weeks of hand calibration per corridor, automated: onboard from OpenStreetMap, calibrate to counts, run scenarios, generate the report. Per-study pricing first.",,not contacted,
VHB,Consultancy,US,2,Northeast planning and traffic consultancy,Traffic engineering and modeling,,https://vhb.com,Public contact page on the website; LinkedIn for the named role; TRB Annual Meeting and ITE section meetings,"The two weeks of hand calibration per corridor, automated: onboard from OpenStreetMap, calibrate to counts, run scenarios, generate the report. Per-study pricing first.",,not contacted,
WSP USA,Consultancy,US,2,Large traffic and ITS practice; runs many DOT calibration studies,Traffic and TSMO practice leads,,https://wsp.com,Public contact page on the website; LinkedIn for the named role; TRB Annual Meeting and ITE section meetings,"The two weeks of hand calibration per corridor, automated: onboard from OpenStreetMap, calibrate to counts, run scenarios, generate the report. Per-study pricing first.",,not contacted,
HERE Technologies,"Data, sensors, integrators",US,2,Probe data; DOT contracts,Public sector; automotive,,https://here.com,Public contact page on the website; LinkedIn for the named role; TRB Annual Meeting and ITE section meetings,The live-advisory path needs sensing and actuation partners; FlowState brings the calibrated model and the state estimator.,,not contacted,
INRIX,"Data, sensors, integrators",US,2,Probe speed data sold to DOTs; a live-path data channel,Public sector partnerships,,https://inrix.com,Public contact page on the website; LinkedIn for the named role; TRB Annual Meeting and ITE section meetings,The live-advisory path needs sensing and actuation partners; FlowState brings the calibrated model and the state estimator.,,not contacted,
Wavetronix,"Data, sensors, integrators",US,2,Radar detectors on most freeways; the sensor for a live path,OEM / integrator partnerships,,https://wavetronix.com,Public contact page on the website; LinkedIn for the named role; TRB Annual Meeting and ITE section meetings,The live-advisory path needs sensing and actuation partners; FlowState brings the calibrated model and the state estimator.,,not contacted,
AASHTO Committee on Transportation System Operations,Federal / industry body,US,2,State DOT operations leaders in one room,Committee liaison,,https://transportation.org,Public contact page on the website; LinkedIn for the named role; TRB Annual Meeting and ITE section meetings,"A reproducible, open validation record that follows the Traffic Analysis Toolbox; a speaker or demo for a session; SBIR fit.",,not contacted,
Association of Metropolitan Planning Organizations (AMPO),Federal / industry body,US,2,400+ MPOs; annual conference and modeling working groups,AMPO staff; Travel Modeling working group,,https://ampo.org,Public contact page on the website; LinkedIn for the named role; TRB Annual Meeting and ITE section meetings,"A reproducible, open validation record that follows the Traffic Analysis Toolbox; a speaker or demo for a session; SBIR fit.",,not contacted,
ITS America,Federal / industry body,US,2,Industry association; annual conference,Membership and programme staff,,https://itsa.org,Public contact page on the website; LinkedIn for the named role; TRB Annual Meeting and ITE section meetings,"A reproducible, open validation record that follows the Traffic Analysis Toolbox; a speaker or demo for a session; SBIR fit.",,not contacted,
National Operations Center of Excellence (NOCoE),Federal / industry body,US,2,"TSMO practitioner network run by AASHTO, ITE and ITS America",NOCoE staff; TSMO awards,,https://transportationops.org,Public contact page on the website; LinkedIn for the named role; TRB Annual Meeting and ITE section meetings,"A reproducible, open validation record that follows the Traffic Analysis Toolbox; a speaker or demo for a session; SBIR fit.",,not contacted,
TRB / NCHRP,Federal / industry body,US,2,Research problem statements; synthesis projects,NCHRP programme officers,,https://trb.org/NCHRP,Public contact page on the website; LinkedIn for the named role; TRB Annual Meeting and ITE section meetings,"A reproducible, open validation record that follows the Traffic Analysis Toolbox; a speaker or demo for a session; SBIR fit.",,not contacted,
USDOT ITS Joint Program Office,Federal / industry body,US,2,ITS research funding; deployment evaluation and cost databases,ITS JPO programme managers,,https://its.dot.gov,Public contact page on the website; LinkedIn for the named role; TRB Annual Meeting and ITE section meetings,"A reproducible, open validation record that follows the Traffic Analysis Toolbox; a speaker or demo for a session; SBIR fit.",,not contacted,
USDOT SBIR / STTR programme,Federal / industry body,US,2,Federal small-business research funding path,Volpe Center SBIR office,,https://volpe.dot.gov/sbir,Public contact page on the website; LinkedIn for the named role; TRB Annual Meeting and ITE section meetings,"A reproducible, open validation record that follows the Traffic Analysis Toolbox; a speaker or demo for a session; SBIR fit.",,not contacted,
Alamo Area MPO (San Antonio),MPO / regional agency,TX,2,,"Transportation Planning, Modeling",,https://alamoareampo.org,Public contact page on the website; LinkedIn for the named role; TRB Annual Meeting and ITE section meetings,"Corridor-level operations analysis that plugs into your regional model outputs; smoothing, VSL and metering scenarios with confidence intervals.",,not contacted,
Boston Region MPO (CTPS),MPO / regional agency,MA,2,,Travel Demand Modeling; Traffic Analysis,,https://bostonmpo.org,Public contact page on the website; LinkedIn for the named role; TRB Annual Meeting and ITE section meetings,"Corridor-level operations analysis that plugs into your regional model outputs; smoothing, VSL and metering scenarios with confidence intervals.",,not contacted,
"Capital Area MPO (CAMPO, Austin)",MPO / regional agency,TX,2,,Modeling and Data; Regional Planning,,https://campotexas.org,Public contact page on the website; LinkedIn for the named role; TRB Annual Meeting and ITE section meetings,"Corridor-level operations analysis that plugs into your regional model outputs; smoothing, VSL and metering scenarios with confidence intervals.",,not contacted,
Chicago Metropolitan Agency for Planning (CMAP),MPO / regional agency,IL,2,,"Research and Programming, Modeling",,https://cmap.illinois.gov,Public contact page on the website; LinkedIn for the named role; TRB Annual Meeting and ITE section meetings,"Corridor-level operations analysis that plugs into your regional model outputs; smoothing, VSL and metering scenarios with confidence intervals.",,not contacted,
Delaware Valley Regional Planning Commission (DVRPC),MPO / regional agency,PA,2,Philadelphia region; Office of Modeling and Analysis,Office of Travel Modeling and Analysis,,https://dvrpc.org,Public contact page on the website; LinkedIn for the named role; TRB Annual Meeting and ITE section meetings,"Corridor-level operations analysis that plugs into your regional model outputs; smoothing, VSL and metering scenarios with confidence intervals.",,not contacted,
Denver Regional Council of Governments (DRCOG),MPO / regional agency,CO,2,,"Transportation Planning and Operations, Modeling",,https://drcog.org,Public contact page on the website; LinkedIn for the named role; TRB Annual Meeting and ITE section meetings,"Corridor-level operations analysis that plugs into your regional model outputs; smoothing, VSL and metering scenarios with confidence intervals.",,not contacted,
Metro (Portland),MPO / regional agency,OR,2,,"Research Center, Modeling",,https://oregonmetro.gov,Public contact page on the website; LinkedIn for the named role; TRB Annual Meeting and ITE section meetings,"Corridor-level operations analysis that plugs into your regional model outputs; smoothing, VSL and metering scenarios with confidence intervals.",,not contacted,
MetroPlan Orlando,MPO / regional agency,FL,2,I-4 corridor (historic VSL site),"Transportation Planning, Modeling",,https://metroplanorlando.org,Public contact page on the website; LinkedIn for the named role; TRB Annual Meeting and ITE section meetings,"Corridor-level operations analysis that plugs into your regional model outputs; smoothing, VSL and metering scenarios with confidence intervals.",,not contacted,
Metropolitan Council (Twin Cities),MPO / regional agency,MN,2,,"Metropolitan Transportation Services, Modeling",,https://metrocouncil.org,Public contact page on the website; LinkedIn for the named role; TRB Annual Meeting and ITE section meetings,"Corridor-level operations analysis that plugs into your regional model outputs; smoothing, VSL and metering scenarios with confidence intervals.",,not contacted,
Miami-Dade TPO,MPO / regional agency,FL,2,,"Planning, Modeling",,https://miamidadetpo.org,Public contact page on the website; LinkedIn for the named role; TRB Annual Meeting and ITE section meetings,"Corridor-level operations analysis that plugs into your regional model outputs; smoothing, VSL and metering scenarios with confidence intervals.",,not contacted,
National Capital Region TPB (MWCOG),MPO / regional agency,DC,2,Washington region; MATOC operations coordination,Travel Forecasting and Analysis; Systems Performance,,https://mwcog.org,Public contact page on the website; LinkedIn for the named role; TRB Annual Meeting and ITE section meetings,"Corridor-level operations analysis that plugs into your regional model outputs; smoothing, VSL and metering scenarios with confidence intervals.",,not contacted,
New York Metropolitan Transportation Council (NYMTC),MPO / regional agency,NY,2,,"Technical Group, Modeling",,https://nymtc.org,Public contact page on the website; LinkedIn for the named role; TRB Annual Meeting and ITE section meetings,"Corridor-level operations analysis that plugs into your regional model outputs; smoothing, VSL and metering scenarios with confidence intervals.",,not contacted,
Puget Sound Regional Council (PSRC),MPO / regional agency,WA,2,,Data and Modeling,,https://psrc.org,Public contact page on the website; LinkedIn for the named role; TRB Annual Meeting and ITE section meetings,"Corridor-level operations analysis that plugs into your regional model outputs; smoothing, VSL and metering scenarios with confidence intervals.",,not contacted,
Sacramento Area Council of Governments (SACOG),MPO / regional agency,CA,2,,Modeling and Analytics,,https://sacog.org,Public contact page on the website; LinkedIn for the named role; TRB Annual Meeting and ITE section meetings,"Corridor-level operations analysis that plugs into your regional model outputs; smoothing, VSL and metering scenarios with confidence intervals.",,not contacted,
San Diego Association of Governments (SANDAG),MPO / regional agency,CA,2,Strong modeling shop (ABM),Data Science and Modeling,,https://sandag.org,Public contact page on the website; LinkedIn for the named role; TRB Annual Meeting and ITE section meetings,"Corridor-level operations analysis that plugs into your regional model outputs; smoothing, VSL and metering scenarios with confidence intervals.",,not contacted,
Southeast Michigan Council of Governments (SEMCOG),MPO / regional agency,MI,2,,"Plan and Policy Development, Modeling",,https://semcog.org,Public contact page on the website; LinkedIn for the named role; TRB Annual Meeting and ITE section meetings,"Corridor-level operations analysis that plugs into your regional model outputs; smoothing, VSL and metering scenarios with confidence intervals.",,not contacted,
Illinois DOT (IDOT),State DOT,IL,2,Chicago expressway management; CMAP modeling nearby,Bureau of Operations; ITS programme,,https://idot.illinois.gov,Agency directory (traffic operations / TSMO division); ITE state section; AASHTO CTSO,"A calibrated twin of one of your corridors from public map data and your detector data, with the calibration report your reviewers expect, in a day of machine time; pilot priced as a study.",,not contacted,
Indiana DOT (INDOT),State DOT,IN,2,Purdue JTRP research partnership; probe-data leader,Traffic Management; Research and Development,,https://in.gov/indot,Agency directory (traffic operations / TSMO division); ITE state section; AASHTO CTSO,"A calibrated twin of one of your corridors from public map data and your detector data, with the calibration report your reviewers expect, in a day of machine time; pilot priced as a study.",,not contacted,
Kentucky Transportation Cabinet,State DOT,KY,2,Publishes VISSIM calibration reports for corridor studies,Division of Planning; Traffic Operations,,https://transportation.ky.gov,Agency directory (traffic operations / TSMO division); ITE state section; AASHTO CTSO,"A calibrated twin of one of your corridors from public map data and your detector data, with the calibration report your reviewers expect, in a day of machine time; pilot priced as a study.",,not contacted,
Maryland DOT SHA,State DOT,MD,2,CHART operations programme; University of Maryland CATT Lab,Office of Transportation Mobility and Operations,,https://roads.maryland.gov,Agency directory (traffic operations / TSMO division); ITE state section; AASHTO CTSO,"A calibrated twin of one of your corridors from public map data and your detector data, with the calibration report your reviewers expect, in a day of machine time; pilot priced as a study.",,not contacted,
Massachusetts DOT,State DOT,MA,2,Boston corridors; Boston MPO modeling,"Highway Division, Traffic and Safety Engineering",,https://mass.gov/orgs/massachusetts-department-of-transportation,Agency directory (traffic operations / TSMO division); ITE state section; AASHTO CTSO,"A calibrated twin of one of your corridors from public map data and your detector data, with the calibration report your reviewers expect, in a day of machine time; pilot priced as a study.",,not contacted,
Missouri DOT (MoDOT),State DOT,MO,2,St. Louis and Kansas City TMCs,Traffic Management and Operations,,https://modot.org,Agency directory (traffic operations / TSMO division); ITE state section; AASHTO CTSO,"A calibrated twin of one of your corridors from public map data and your detector data, with the calibration report your reviewers expect, in a day of machine time; pilot priced as a study.",,not contacted,
Nevada DOT,State DOT,NV,2,Las Vegas FAST regional traffic management,Traffic Operations; FAST (with RTC of Southern Nevada),,https://dot.nv.gov,Agency directory (traffic operations / TSMO division); ITE state section; AASHTO CTSO,"A calibrated twin of one of your corridors from public map data and your detector data, with the calibration report your reviewers expect, in a day of machine time; pilot priced as a study.",,not contacted,
New Jersey DOT,State DOT,NJ,2,Dense corridors; NJ traffic operations centers,Bureau of Transportation Systems Management,,https://nj.gov/transportation,Agency directory (traffic operations / TSMO division); ITE state section; AASHTO CTSO,"A calibrated twin of one of your corridors from public map data and your detector data, with the calibration report your reviewers expect, in a day of machine time; pilot priced as a study.",,not contacted,
New York State DOT (NYSDOT),State DOT,NY,2,Publishes consultant rate ceilings; large modeling practice,Office of Traffic Safety and Mobility; Statewide Planning,,https://dot.ny.gov,Agency directory (traffic operations / TSMO division); ITE state section; AASHTO CTSO,"A calibrated twin of one of your corridors from public map data and your detector data, with the calibration report your reviewers expect, in a day of machine time; pilot priced as a study.",,not contacted,
Oregon DOT (ODOT),State DOT,OR,2,Portland ATM / VSL on OR 217 and I-5; Metro modeling nearby,Traffic-Roadway Section; ITS unit,,https://oregon.gov/odot,Agency directory (traffic operations / TSMO division); ITE state section; AASHTO CTSO,"A calibrated twin of one of your corridors from public map data and your detector data, with the calibration report your reviewers expect, in a day of machine time; pilot priced as a study.",,not contacted,
Pennsylvania DOT (PennDOT),State DOT,PA,2,Large ITS programme; regional TMCs,"Bureau of Maintenance and Operations, TSMO",,https://penndot.pa.gov,Agency directory (traffic operations / TSMO division); ITE state section; AASHTO CTSO,"A calibrated twin of one of your corridors from public map data and your detector data, with the calibration report your reviewers expect, in a day of machine time; pilot priced as a study.",,not contacted,
Utah DOT (UDOT),State DOT,UT,2,Nationally known TSMO and performance measures culture,Traffic Management Division; TSMO,,https://udot.utah.gov,Agency directory (traffic operations / TSMO division); ITE state section; AASHTO CTSO,"A calibrated twin of one of your corridors from public map data and your detector data, with the calibration report your reviewers expect, in a day of machine time; pilot priced as a study.",,not contacted,
Wisconsin DOT,State DOT,WI,2,Milwaukee freeway management; UW TOPS Lab nearby,Bureau of Traffic Operations,,https://wisconsindot.gov,Agency directory (traffic operations / TSMO division); ITE state section; AASHTO CTSO,"A calibrated twin of one of your corridors from public map data and your detector data, with the calibration report your reviewers expect, in a day of machine time; pilot priced as a study.",,not contacted,
"Georgia Tech, School of Civil and Environmental Engineering",University / research lab,GA,2,Traffic operations and CAV research,Transportation systems faculty,,https://ce.gatech.edu,University directory (public academic e-mail); cite the FlowState I-24 results in the first line,An open engine and a published validation record on I-24 MOTION data; collaboration on the merge and controller work; free or near-free licence.,,not contacted,
"MIT, Intelligent Transportation Systems Lab",University / research lab,MA,2,,ITS Lab faculty,,https://its.mit.edu,University directory (public academic e-mail); cite the FlowState I-24 results in the first line,An open engine and a published validation record on I-24 MOTION data; collaboration on the merge and controller work; free or near-free licence.,,not contacted,
Northwestern University Transportation Center,University / research lab,IL,2,,Transportation center director,,https://transportation.northwestern.edu,University directory (public academic e-mail); cite the FlowState I-24 results in the first line,An open engine and a published validation record on I-24 MOTION data; collaboration on the merge and controller work; free or near-free licence.,,not contacted,
"Purdue University, JTRP",University / research lab,IN,2,INDOT research partnership; probe-data leadership,JTRP director; traffic operations faculty,,https://engineering.purdue.edu/JTRP,University directory (public academic e-mail); cite the FlowState I-24 results in the first line,An open engine and a published validation record on I-24 MOTION data; collaboration on the merge and controller work; free or near-free licence.,,not contacted,
Rutgers University–Camden (CIRCLES),University / research lab,NJ,2,Traffic-flow theory; CIRCLES PI,Faculty listed; also the lab's programme manager,Prof. Benedetto Piccoli,https://camden.rutgers.edu,University directory (public academic e-mail); cite the FlowState I-24 results in the first line,An open engine and a published validation record on I-24 MOTION data; collaboration on the merge and controller work; free or near-free licence.,,not contacted,
"Temple University, Mathematics (CIRCLES)",University / research lab,PA,2,Traffic-flow theory; CIRCLES PI,Faculty listed; also the lab's programme manager,Prof. Benjamin Seibold,https://temple.edu,University directory (public academic e-mail); cite the FlowState I-24 results in the first line,An open engine and a published validation record on I-24 MOTION data; collaboration on the merge and controller work; free or near-free licence.,,not contacted,
"UC Irvine, Institute of Transportation Studies",University / research lab,CA,2,Traffic-flow theory and simulation,ITS director; traffic-flow faculty,,https://its.uci.edu,University directory (public academic e-mail); cite the FlowState I-24 results in the first line,An open engine and a published validation record on I-24 MOTION data; collaboration on the merge and controller work; free or near-free licence.,,not contacted,
"UT Austin, Center for Transportation Research (CTR)",University / research lab,TX,2,Texas modeling and network research,CTR director; traffic modeling faculty,,https://ctr.utexas.edu,University directory (public academic e-mail); cite the FlowState I-24 results in the first line,An open engine and a published validation record on I-24 MOTION data; collaboration on the merge and controller work; free or near-free licence.,,not contacted,
University of Florida Transportation Institute (UFTI),University / research lab,FL,2,FDOT research partner; simulation work,UFTI director; traffic simulation faculty,,https://transportation.ufl.edu,University directory (public academic e-mail); cite the FlowState I-24 results in the first line,An open engine and a published validation record on I-24 MOTION data; collaboration on the merge and controller work; free or near-free licence.,,not contacted,
"University of Maryland, CATT Lab",University / research lab,MD,2,RITIS probe-data platform used by many DOTs,CATT Lab director,,https://cattlab.umd.edu,University directory (public academic e-mail); cite the FlowState I-24 results in the first line,An open engine and a published validation record on I-24 MOTION data; collaboration on the merge and controller work; free or near-free licence.,,not contacted,
"University of Michigan, UMTRI / Mcity",University / research lab,MI,2,CAV testbed; OEM relationships,Mcity director; UMTRI traffic faculty,,https://mcity.umich.edu,University directory (public academic e-mail); cite the FlowState I-24 results in the first line,An open engine and a published validation record on I-24 MOTION data; collaboration on the merge and controller work; free or near-free licence.,,not contacted,
"University of Tennessee, Center for Transportation Research",University / research lab,TN,2,In-state research partner for TDOT,CTR director,,https://ctr.utk.edu,University directory (public academic e-mail); cite the FlowState I-24 results in the first line,An open engine and a published validation record on I-24 MOTION data; collaboration on the merge and controller work; free or near-free licence.,,not contacted,
Virginia Tech Transportation Institute (VTTI),University / research lab,VA,2,Naturalistic driving data; CAV,VTTI centre directors,,https://vtti.vt.edu,University directory (public academic e-mail); cite the FlowState I-24 results in the first line,An open engine and a published validation record on I-24 MOTION data; collaboration on the merge and controller work; free or near-free licence.,,not contacted,
Kodiak Robotics,AV fleet / OEM,US,3,Autonomous trucking on Texas corridors,Autonomy; partnerships,,https://kodiak.ai,Research partnerships page; warm introduction through CIRCLES or Vanderbilt,"Before deploying smoothing at scale, the dose-response on a calibrated real corridor: what 1 to 20 percent penetration does to throughput, travel time and fuel.",,not contacted,
May Mobility,AV fleet / OEM,US,3,,Partnerships,,https://maymobility.com,Research partnerships page; warm introduction through CIRCLES or Vanderbilt,"Before deploying smoothing at scale, the dose-response on a calibrated real corridor: what 1 to 20 percent penetration does to throughput, travel time and fuel.",,not contacted,
Motional,AV fleet / OEM,US,3,,Research,,https://motional.com,Research partnerships page; warm introduction through CIRCLES or Vanderbilt,"Before deploying smoothing at scale, the dose-response on a calibrated real corridor: what 1 to 20 percent penetration does to throughput, travel time and fuel.",,not contacted,
Tesla (Autopilot / FSD),AV fleet / OEM,US,3,Largest driver-assistance fleet; long shot,Autopilot engineering,,https://tesla.com,Research partnerships page; warm introduction through CIRCLES or Vanderbilt,"Before deploying smoothing at scale, the dose-response on a calibrated real corridor: what 1 to 20 percent penetration does to throughput, travel time and fuel.",,not contacted,
Torc Robotics,AV fleet / OEM,US,3,Autonomous trucking (Daimler),Autonomy research,,https://torc.ai,Research partnerships page; warm introduction through CIRCLES or Vanderbilt,"Before deploying smoothing at scale, the dose-response on a calibrated real corridor: what 1 to 20 percent penetration does to throughput, travel time and fuel.",,not contacted,
Zoox,AV fleet / OEM,US,3,,Research,,https://zoox.com,Research partnerships page; warm introduction through CIRCLES or Vanderbilt,"Before deploying smoothing at scale, the dose-response on a calibrated real corridor: what 1 to 20 percent penetration does to throughput, travel time and fuel.",,not contacted,
Alfred Benesch & Company,Consultancy,US,3,,Traffic engineering,,https://benesch.com,Public contact page on the website; LinkedIn for the named role; TRB Annual Meeting and ITE section meetings,"The two weeks of hand calibration per corridor, automated: onboard from OpenStreetMap, calibrate to counts, run scenarios, generate the report. Per-study pricing first.",,not contacted,
Burns & McDonnell,Consultancy,US,3,,"Transportation, traffic and ITS",,https://burnsmcd.com,Public contact page on the website; LinkedIn for the named role; TRB Annual Meeting and ITE section meetings,"The two weeks of hand calibration per corridor, automated: onboard from OpenStreetMap, calibrate to counts, run scenarios, generate the report. Per-study pricing first.",,not contacted,
CDM Smith,Consultancy,US,3,,Transportation planning and modeling,,https://cdmsmith.com,Public contact page on the website; LinkedIn for the named role; TRB Annual Meeting and ITE section meetings,"The two weeks of hand calibration per corridor, automated: onboard from OpenStreetMap, calibrate to counts, run scenarios, generate the report. Per-study pricing first.",,not contacted,
Dewberry,Consultancy,US,3,,Traffic and ITS,,https://dewberry.com,Public contact page on the website; LinkedIn for the named role; TRB Annual Meeting and ITE section meetings,"The two weeks of hand calibration per corridor, automated: onboard from OpenStreetMap, calibrate to counts, run scenarios, generate the report. Per-study pricing first.",,not contacted,
Gannett Fleming (GFT),Consultancy,US,3,,Traffic and ITS practice,,https://gftengineering.com,Public contact page on the website; LinkedIn for the named role; TRB Annual Meeting and ITE section meetings,"The two weeks of hand calibration per corridor, automated: onboard from OpenStreetMap, calibrate to counts, run scenarios, generate the report. Per-study pricing first.",,not contacted,
KCI Technologies,Consultancy,US,3,Mid-Atlantic traffic and ITS,Traffic engineering,,https://kci.com,Public contact page on the website; LinkedIn for the named role; TRB Annual Meeting and ITE section meetings,"The two weeks of hand calibration per corridor, automated: onboard from OpenStreetMap, calibrate to counts, run scenarios, generate the report. Per-study pricing first.",,not contacted,
Mead & Hunt,Consultancy,US,3,,Traffic engineering,,https://meadhunt.com,Public contact page on the website; LinkedIn for the named role; TRB Annual Meeting and ITE section meetings,"The two weeks of hand calibration per corridor, automated: onboard from OpenStreetMap, calibrate to counts, run scenarios, generate the report. Per-study pricing first.",,not contacted,
RS&H,Consultancy,US,3,Southeast DOT consultant,Traffic and ITS,,https://rsandh.com,Public contact page on the website; LinkedIn for the named role; TRB Annual Meeting and ITE section meetings,"The two weeks of hand calibration per corridor, automated: onboard from OpenStreetMap, calibrate to counts, run scenarios, generate the report. Per-study pricing first.",,not contacted,
RSG (Resource Systems Group),Consultancy,US,3,Travel-demand modeling specialists,Modeling practice,,https://rsginc.com,Public contact page on the website; LinkedIn for the named role; TRB Annual Meeting and ITE section meetings,"The two weeks of hand calibration per corridor, automated: onboard from OpenStreetMap, calibrate to counts, run scenarios, generate the report. Per-study pricing first.",,not contacted,
STV,Consultancy,US,3,,Traffic engineering,,https://stvinc.com,Public contact page on the website; LinkedIn for the named role; TRB Annual Meeting and ITE section meetings,"The two weeks of hand calibration per corridor, automated: onboard from OpenStreetMap, calibrate to counts, run scenarios, generate the report. Per-study pricing first.",,not contacted,
Sam Schwartz (TYLin),Consultancy,US,3,,Traffic engineering,,https://samschwartz.com,Public contact page on the website; LinkedIn for the named role; TRB Annual Meeting and ITE section meetings,"The two weeks of hand calibration per corridor, automated: onboard from OpenStreetMap, calibrate to counts, run scenarios, generate the report. Per-study pricing first.",,not contacted,
Steer,Consultancy,US,3,Modeling consultancy,Modeling practice,,https://steergroup.com,Public contact page on the website; LinkedIn for the named role; TRB Annual Meeting and ITE section meetings,"The two weeks of hand calibration per corridor, automated: onboard from OpenStreetMap, calibrate to counts, run scenarios, generate the report. Per-study pricing first.",,not contacted,
TranSystems,Consultancy,US,3,,Traffic and ITS,,https://transystems.com,Public contact page on the website; LinkedIn for the named role; TRB Annual Meeting and ITE section meetings,"The two weeks of hand calibration per corridor, automated: onboard from OpenStreetMap, calibrate to counts, run scenarios, generate the report. Per-study pricing first.",,not contacted,
WSB,Consultancy,US,3,Upper Midwest; MnDOT work,Traffic and ITS,,https://wsbeng.com,Public contact page on the website; LinkedIn for the named role; TRB Annual Meeting and ITE section meetings,"The two weeks of hand calibration per corridor, automated: onboard from OpenStreetMap, calibrate to counts, run scenarios, generate the report. Per-study pricing first.",,not contacted,
Wade Trim,Consultancy,US,3,,Traffic engineering,,https://wadetrim.com,Public contact page on the website; LinkedIn for the named role; TRB Annual Meeting and ITE section meetings,"The two weeks of hand calibration per corridor, automated: onboard from OpenStreetMap, calibrate to counts, run scenarios, generate the report. Per-study pricing first.",,not contacted,
Aimsun,"Data, sensors, integrators",Spain,3,Incumbent simulator with real-time products; competitor and reference,Partnerships,,https://aimsun.com,Public contact page on the website; LinkedIn for the named role; TRB Annual Meeting and ITE section meetings,The live-advisory path needs sensing and actuation partners; FlowState brings the calibrated model and the state estimator.,,not contacted,
Caliper Corporation (TransModeler),"Data, sensors, integrators",US,3,Incumbent simulator,Partnerships,,https://caliper.com,Public contact page on the website; LinkedIn for the named role; TRB Annual Meeting and ITE section meetings,The live-advisory path needs sensing and actuation partners; FlowState brings the calibrated model and the state estimator.,,not contacted,
Cubic Transportation Systems (ITS),"Data, sensors, integrators",US,3,ATMS integrator (GRIDSMART lineage),Partnerships,,https://cubic.com,Public contact page on the website; LinkedIn for the named role; TRB Annual Meeting and ITE section meetings,The live-advisory path needs sensing and actuation partners; FlowState brings the calibrated model and the state estimator.,,not contacted,
Econolite,"Data, sensors, integrators",US,3,ATMS and controllers; integration partner,Product management,,https://econolite.com,Public contact page on the website; LinkedIn for the named role; TRB Annual Meeting and ITE section meetings,The live-advisory path needs sensing and actuation partners; FlowState brings the calibrated model and the state estimator.,,not contacted,
Kapsch TrafficCom,"Data, sensors, integrators",US,3,Managed lanes and ATM systems,Partnerships,,https://kapsch.net,Public contact page on the website; LinkedIn for the named role; TRB Annual Meeting and ITE section meetings,The live-advisory path needs sensing and actuation partners; FlowState brings the calibrated model and the state estimator.,,not contacted,
Miovision,"Data, sensors, integrators",Canada,3,Traffic data and signal analytics,Partnerships,,https://miovision.com,Public contact page on the website; LinkedIn for the named role; TRB Annual Meeting and ITE section meetings,The live-advisory path needs sensing and actuation partners; FlowState brings the calibrated model and the state estimator.,,not contacted,
PTV Group,"Data, sensors, integrators",Germany,3,"Incumbent simulator; possible integration or channel, also a competitor",Partnerships,,https://ptvgroup.com,Public contact page on the website; LinkedIn for the named role; TRB Annual Meeting and ITE section meetings,The live-advisory path needs sensing and actuation partners; FlowState brings the calibrated model and the state estimator.,,not contacted,
Q-Free,"Data, sensors, integrators",US,3,ATMS (Kinetic) integrator,Partnerships,,https://q-free.com,Public contact page on the website; LinkedIn for the named role; TRB Annual Meeting and ITE section meetings,The live-advisory path needs sensing and actuation partners; FlowState brings the calibrated model and the state estimator.,,not contacted,
Rekor Systems,"Data, sensors, integrators",US,3,Roadway intelligence platform for agencies,Partnerships,,https://rekor.ai,Public contact page on the website; LinkedIn for the named role; TRB Annual Meeting and ITE section meetings,The live-advisory path needs sensing and actuation partners; FlowState brings the calibrated model and the state estimator.,,not contacted,
StreetLight Data,"Data, sensors, integrators",US,3,Location-derived demand data (counts alternative),Public sector sales,,https://streetlightdata.com,Public contact page on the website; LinkedIn for the named role; TRB Annual Meeting and ITE section meetings,The live-advisory path needs sensing and actuation partners; FlowState brings the calibrated model and the state estimator.,,not contacted,
Teledyne FLIR ITS,"Data, sensors, integrators",US,3,Thermal traffic sensors,ITS partnerships,,https://flir.com,Public contact page on the website; LinkedIn for the named role; TRB Annual Meeting and ITE section meetings,The live-advisory path needs sensing and actuation partners; FlowState brings the calibrated model and the state estimator.,,not contacted,
Traffic Engineering Council / ITE TSMO Council,Federal / industry body,US,3,,Council chairs,,https://ite.org,Public contact page on the website; LinkedIn for the named role; TRB Annual Meeting and ITE section meetings,"A reproducible, open validation record that follows the Traffic Analysis Toolbox; a speaker or demo for a session; SBIR fit.",,not contacted,
Baltimore Metropolitan Council (BMC),MPO / regional agency,MD,3,,"Transportation Planning, Modeling",,https://baltometro.org,Public contact page on the website; LinkedIn for the named role; TRB Annual Meeting and ITE section meetings,"Corridor-level operations analysis that plugs into your regional model outputs; smoothing, VSL and metering scenarios with confidence intervals.",,not contacted,
Broward MPO,MPO / regional agency,FL,3,,Systems Planning,,https://browardmpo.org,Public contact page on the website; LinkedIn for the named role; TRB Annual Meeting and ITE section meetings,"Corridor-level operations analysis that plugs into your regional model outputs; smoothing, VSL and metering scenarios with confidence intervals.",,not contacted,
Capital Area MPO (Raleigh),MPO / regional agency,NC,3,,Modeling,,https://campo-nc.us,Public contact page on the website; LinkedIn for the named role; TRB Annual Meeting and ITE section meetings,"Corridor-level operations analysis that plugs into your regional model outputs; smoothing, VSL and metering scenarios with confidence intervals.",,not contacted,
"Capitol Region Council of Governments (CRCOG, Hartford)",MPO / regional agency,CT,3,,Transportation Planning,,https://crcog.org,Public contact page on the website; LinkedIn for the named role; TRB Annual Meeting and ITE section meetings,"Corridor-level operations analysis that plugs into your regional model outputs; smoothing, VSL and metering scenarios with confidence intervals.",,not contacted,
Charlotte Regional TPO,MPO / regional agency,NC,3,,"Transportation Planning, Modeling",,https://crtpo.org,Public contact page on the website; LinkedIn for the named role; TRB Annual Meeting and ITE section meetings,"Corridor-level operations analysis that plugs into your regional model outputs; smoothing, VSL and metering scenarios with confidence intervals.",,not contacted,
Chattanooga-Hamilton County/North Georgia TPO,MPO / regional agency,TN,3,I-24 continues here,Transportation Planning,,https://chcrpa.org,Public contact page on the website; LinkedIn for the named role; TRB Annual Meeting and ITE section meetings,"Corridor-level operations analysis that plugs into your regional model outputs; smoothing, VSL and metering scenarios with confidence intervals.",,not contacted,
East-West Gateway Council of Governments (St. Louis),MPO / regional agency,MO,3,,"Transportation Planning, Modeling",,https://ewgateway.org,Public contact page on the website; LinkedIn for the named role; TRB Annual Meeting and ITE section meetings,"Corridor-level operations analysis that plugs into your regional model outputs; smoothing, VSL and metering scenarios with confidence intervals.",,not contacted,
Hampton Roads TPO,MPO / regional agency,VA,3,,"Transportation Planning, Modeling",,https://hrtpo.org,Public contact page on the website; LinkedIn for the named role; TRB Annual Meeting and ITE section meetings,"Corridor-level operations analysis that plugs into your regional model outputs; smoothing, VSL and metering scenarios with confidence intervals.",,not contacted,
Hillsborough TPO (Tampa),MPO / regional agency,FL,3,,Planning and Modeling,,https://planhillsborough.org,Public contact page on the website; LinkedIn for the named role; TRB Annual Meeting and ITE section meetings,"Corridor-level operations analysis that plugs into your regional model outputs; smoothing, VSL and metering scenarios with confidence intervals.",,not contacted,
Indianapolis MPO,MPO / regional agency,IN,3,,"Planning, Modeling",,https://indympo.org,Public contact page on the website; LinkedIn for the named role; TRB Annual Meeting and ITE section meetings,"Corridor-level operations analysis that plugs into your regional model outputs; smoothing, VSL and metering scenarios with confidence intervals.",,not contacted,
Knoxville Regional TPO,MPO / regional agency,TN,3,,Transportation Planning,,https://knoxtpo.org,Public contact page on the website; LinkedIn for the named role; TRB Annual Meeting and ITE section meetings,"Corridor-level operations analysis that plugs into your regional model outputs; smoothing, VSL and metering scenarios with confidence intervals.",,not contacted,
Memphis MPO,MPO / regional agency,TN,3,,Transportation Planning,,https://memphismpo.org,Public contact page on the website; LinkedIn for the named role; TRB Annual Meeting and ITE section meetings,"Corridor-level operations analysis that plugs into your regional model outputs; smoothing, VSL and metering scenarios with confidence intervals.",,not contacted,
"Mid-America Regional Council (MARC, Kansas City)",MPO / regional agency,MO,3,Operation Green Light; bi-state,"Transportation and Environment, Modeling",,https://marc.org,Public contact page on the website; LinkedIn for the named role; TRB Annual Meeting and ITE section meetings,"Corridor-level operations analysis that plugs into your regional model outputs; smoothing, VSL and metering scenarios with confidence intervals.",,not contacted,
Mid-Ohio Regional Planning Commission (MORPC),MPO / regional agency,OH,3,,Transportation Systems and Funding; Modeling,,https://morpc.org,Public contact page on the website; LinkedIn for the named role; TRB Annual Meeting and ITE section meetings,"Corridor-level operations analysis that plugs into your regional model outputs; smoothing, VSL and metering scenarios with confidence intervals.",,not contacted,
North Florida TPO (Jacksonville),MPO / regional agency,FL,3,Active ITS programme,Planning; ITS,,https://northfloridatpo.com,Public contact page on the website; LinkedIn for the named role; TRB Annual Meeting and ITE section meetings,"Corridor-level operations analysis that plugs into your regional model outputs; smoothing, VSL and metering scenarios with confidence intervals.",,not contacted,
Northeast Ohio Areawide Coordinating Agency (NOACA),MPO / regional agency,OH,3,,"Transportation Planning, Modeling",,https://noaca.org,Public contact page on the website; LinkedIn for the named role; TRB Annual Meeting and ITE section meetings,"Corridor-level operations analysis that plugs into your regional model outputs; smoothing, VSL and metering scenarios with confidence intervals.",,not contacted,
OKI Regional Council of Governments (Cincinnati),MPO / regional agency,OH,3,,"Transportation Planning, Modeling",,https://oki.org,Public contact page on the website; LinkedIn for the named role; TRB Annual Meeting and ITE section meetings,"Corridor-level operations analysis that plugs into your regional model outputs; smoothing, VSL and metering scenarios with confidence intervals.",,not contacted,
Pima Association of Governments (Tucson),MPO / regional agency,AZ,3,,"Transportation Planning, Modeling",,https://pagregion.com,Public contact page on the website; LinkedIn for the named role; TRB Annual Meeting and ITE section meetings,"Corridor-level operations analysis that plugs into your regional model outputs; smoothing, VSL and metering scenarios with confidence intervals.",,not contacted,
Regional Transportation Commission of Southern Nevada,MPO / regional agency,NV,3,Runs FAST traffic management with NDOT,FAST; Planning,,https://rtcsnv.com,Public contact page on the website; LinkedIn for the named role; TRB Annual Meeting and ITE section meetings,"Corridor-level operations analysis that plugs into your regional model outputs; smoothing, VSL and metering scenarios with confidence intervals.",,not contacted,
Richmond Regional TPO (PlanRVA),MPO / regional agency,VA,3,,Transportation Planning,,https://planrva.org,Public contact page on the website; LinkedIn for the named role; TRB Annual Meeting and ITE section meetings,"Corridor-level operations analysis that plugs into your regional model outputs; smoothing, VSL and metering scenarios with confidence intervals.",,not contacted,
"Southwestern Pennsylvania Commission (SPC, Pittsburgh)",MPO / regional agency,PA,3,,"Transportation Planning, Modeling",,https://spcregion.org,Public contact page on the website; LinkedIn for the named role; TRB Annual Meeting and ITE section meetings,"Corridor-level operations analysis that plugs into your regional model outputs; smoothing, VSL and metering scenarios with confidence intervals.",,not contacted,
Wasatch Front Regional Council,MPO / regional agency,UT,3,,Analytics and Modeling,,https://wfrc.org,Public contact page on the website; LinkedIn for the named role; TRB Annual Meeting and ITE section meetings,"Corridor-level operations analysis that plugs into your regional model outputs; smoothing, VSL and metering scenarios with confidence intervals.",,not contacted,
Alabama DOT (ALDOT),State DOT,AL,3,Birmingham corridors,Traffic Operations,,https://dot.state.al.us,Agency directory (traffic operations / TSMO division); ITE state section; AASHTO CTSO,"A calibrated twin of one of your corridors from public map data and your detector data, with the calibration report your reviewers expect, in a day of machine time; pilot priced as a study.",,not contacted,
Alaska DOT&PF,State DOT,AK,3,,Traffic and Safety,,https://dot.alaska.gov,Agency directory (traffic operations / TSMO division); ITE state section; AASHTO CTSO,"A calibrated twin of one of your corridors from public map data and your detector data, with the calibration report your reviewers expect, in a day of machine time; pilot priced as a study.",,not contacted,
Arkansas DOT,State DOT,AR,3,,Transportation Planning and Policy; Traffic,,https://ardot.gov,Agency directory (traffic operations / TSMO division); ITE state section; AASHTO CTSO,"A calibrated twin of one of your corridors from public map data and your detector data, with the calibration report your reviewers expect, in a day of machine time; pilot priced as a study.",,not contacted,
Connecticut DOT,State DOT,CT,3,I-95 corridor; CRCOG modeling,"Bureau of Engineering and Construction, Traffic",,https://portal.ct.gov/dot,Agency directory (traffic operations / TSMO division); ITE state section; AASHTO CTSO,"A calibrated twin of one of your corridors from public map data and your detector data, with the calibration report your reviewers expect, in a day of machine time; pilot priced as a study.",,not contacted,
Delaware DOT (DelDOT),State DOT,DE,3,Integrated TMC; small agile agency,Transportation Management Center,,https://deldot.gov,Agency directory (traffic operations / TSMO division); ITE state section; AASHTO CTSO,"A calibrated twin of one of your corridors from public map data and your detector data, with the calibration report your reviewers expect, in a day of machine time; pilot priced as a study.",,not contacted,
District DOT (DDOT),State DOT,DC,3,,Traffic Operations and Safety,,https://ddot.dc.gov,Agency directory (traffic operations / TSMO division); ITE state section; AASHTO CTSO,"A calibrated twin of one of your corridors from public map data and your detector data, with the calibration report your reviewers expect, in a day of machine time; pilot priced as a study.",,not contacted,
Hawaii DOT,State DOT,HI,3,H-1 congestion in Honolulu,"Highways Division, Traffic Branch",,https://hidot.hawaii.gov,Agency directory (traffic operations / TSMO division); ITE state section; AASHTO CTSO,"A calibrated twin of one of your corridors from public map data and your detector data, with the calibration report your reviewers expect, in a day of machine time; pilot priced as a study.",,not contacted,
Idaho Transportation Department,State DOT,ID,3,,Traffic Services,,https://itd.idaho.gov,Agency directory (traffic operations / TSMO division); ITE state section; AASHTO CTSO,"A calibrated twin of one of your corridors from public map data and your detector data, with the calibration report your reviewers expect, in a day of machine time; pilot priced as a study.",,not contacted,
Iowa DOT,State DOT,IA,3,INRIX statewide case study; Iowa State InTrans nearby,Traffic Operations; Systems Planning,,https://iowadot.gov,Agency directory (traffic operations / TSMO division); ITE state section; AASHTO CTSO,"A calibrated twin of one of your corridors from public map data and your detector data, with the calibration report your reviewers expect, in a day of machine time; pilot priced as a study.",,not contacted,
Kansas DOT,State DOT,KS,3,Kansas City metro with MoDOT and MARC,Bureau of Transportation Safety; Traffic,,https://ksdot.gov,Agency directory (traffic operations / TSMO division); ITE state section; AASHTO CTSO,"A calibrated twin of one of your corridors from public map data and your detector data, with the calibration report your reviewers expect, in a day of machine time; pilot priced as a study.",,not contacted,
Louisiana DOTD,State DOT,LA,3,Baton Rouge / New Orleans corridors,ITS section; Traffic Engineering,,https://dotd.la.gov,Agency directory (traffic operations / TSMO division); ITE state section; AASHTO CTSO,"A calibrated twin of one of your corridors from public map data and your detector data, with the calibration report your reviewers expect, in a day of machine time; pilot priced as a study.",,not contacted,
Maine DOT,State DOT,ME,3,,Traffic Engineering,,https://maine.gov/mdot,Agency directory (traffic operations / TSMO division); ITE state section; AASHTO CTSO,"A calibrated twin of one of your corridors from public map data and your detector data, with the calibration report your reviewers expect, in a day of machine time; pilot priced as a study.",,not contacted,
Mississippi DOT,State DOT,MS,3,,Traffic Engineering,,https://mdot.ms.gov,Agency directory (traffic operations / TSMO division); ITE state section; AASHTO CTSO,"A calibrated twin of one of your corridors from public map data and your detector data, with the calibration report your reviewers expect, in a day of machine time; pilot priced as a study.",,not contacted,
Montana DOT,State DOT,MT,3,,Traffic and Safety,,https://mdt.mt.gov,Agency directory (traffic operations / TSMO division); ITE state section; AASHTO CTSO,"A calibrated twin of one of your corridors from public map data and your detector data, with the calibration report your reviewers expect, in a day of machine time; pilot priced as a study.",,not contacted,
Nebraska DOT,State DOT,NE,3,,Traffic Engineering,,https://dot.nebraska.gov,Agency directory (traffic operations / TSMO division); ITE state section; AASHTO CTSO,"A calibrated twin of one of your corridors from public map data and your detector data, with the calibration report your reviewers expect, in a day of machine time; pilot priced as a study.",,not contacted,
New Hampshire DOT,State DOT,NH,3,,Bureau of Traffic,,https://nh.gov/dot,Agency directory (traffic operations / TSMO division); ITE state section; AASHTO CTSO,"A calibrated twin of one of your corridors from public map data and your detector data, with the calibration report your reviewers expect, in a day of machine time; pilot priced as a study.",,not contacted,
New Mexico DOT,State DOT,NM,3,,Traffic Technical Support,,https://dot.nm.gov,Agency directory (traffic operations / TSMO division); ITE state section; AASHTO CTSO,"A calibrated twin of one of your corridors from public map data and your detector data, with the calibration report your reviewers expect, in a day of machine time; pilot priced as a study.",,not contacted,
North Dakota DOT,State DOT,ND,3,,Traffic Operations,,https://dot.nd.gov,Agency directory (traffic operations / TSMO division); ITE state section; AASHTO CTSO,"A calibrated twin of one of your corridors from public map data and your detector data, with the calibration report your reviewers expect, in a day of machine time; pilot priced as a study.",,not contacted,
Oklahoma DOT,State DOT,OK,3,,Traffic Engineering,,https://oklahoma.gov/odot,Agency directory (traffic operations / TSMO division); ITE state section; AASHTO CTSO,"A calibrated twin of one of your corridors from public map data and your detector data, with the calibration report your reviewers expect, in a day of machine time; pilot priced as a study.",,not contacted,
Puerto Rico DTOP,State DOT,PR,3,,Highways and Transportation Authority,,https://dtop.pr.gov,Agency directory (traffic operations / TSMO division); ITE state section; AASHTO CTSO,"A calibrated twin of one of your corridors from public map data and your detector data, with the calibration report your reviewers expect, in a day of machine time; pilot priced as a study.",,not contacted,
Rhode Island DOT,State DOT,RI,3,,Traffic Management,,https://dot.ri.gov,Agency directory (traffic operations / TSMO division); ITE state section; AASHTO CTSO,"A calibrated twin of one of your corridors from public map data and your detector data, with the calibration report your reviewers expect, in a day of machine time; pilot priced as a study.",,not contacted,
South Carolina DOT,State DOT,SC,3,Growing interstate congestion; ITS expansion,Traffic Engineering; ITS,,https://scdot.org,Agency directory (traffic operations / TSMO division); ITE state section; AASHTO CTSO,"A calibrated twin of one of your corridors from public map data and your detector data, with the calibration report your reviewers expect, in a day of machine time; pilot priced as a study.",,not contacted,
South Dakota DOT,State DOT,SD,3,,Operations,,https://dot.sd.gov,Agency directory (traffic operations / TSMO division); ITE state section; AASHTO CTSO,"A calibrated twin of one of your corridors from public map data and your detector data, with the calibration report your reviewers expect, in a day of machine time; pilot priced as a study.",,not contacted,
Vermont Agency of Transportation,State DOT,VT,3,,Operations and Safety,,https://vtrans.vermont.gov,Agency directory (traffic operations / TSMO division); ITE state section; AASHTO CTSO,"A calibrated twin of one of your corridors from public map data and your detector data, with the calibration report your reviewers expect, in a day of machine time; pilot priced as a study.",,not contacted,
West Virginia DOT,State DOT,WV,3,,Traffic Engineering,,https://transportation.wv.gov,Agency directory (traffic operations / TSMO division); ITE state section; AASHTO CTSO,"A calibrated twin of one of your corridors from public map data and your detector data, with the calibration report your reviewers expect, in a day of machine time; pilot priced as a study.",,not contacted,
Wyoming DOT,State DOT,WY,3,"I-80 VSL corridor, one of the oldest rural VSL systems",Traffic Program; ITS,,https://dot.state.wy.us,Agency directory (traffic operations / TSMO division); ITE state section; AASHTO CTSO,"A calibrated twin of one of your corridors from public map data and your detector data, with the calibration report your reviewers expect, in a day of machine time; pilot priced as a study.",,not contacted,
"Iowa State University, InTrans",University / research lab,IA,3,Iowa DOT research partner,InTrans director,,https://intrans.iastate.edu,University directory (public academic e-mail); cite the FlowState I-24 results in the first line,An open engine and a published validation record on I-24 MOTION data; collaboration on the merge and controller work; free or near-free licence.,,not contacted,
"Penn State, Larson Transportation Institute",University / research lab,PA,3,,Institute director,,https://larson.psu.edu,University directory (public academic e-mail); cite the FlowState I-24 results in the first line,An open engine and a published validation record on I-24 MOTION data; collaboration on the merge and controller work; free or near-free licence.,,not contacted,
"TU Delft, Transport and Planning",University / research lab,Netherlands,3,Traffic-flow theory school (Hoogendoorn lineage),Traffic flow faculty,,https://tudelft.nl,University directory (public academic e-mail); cite the FlowState I-24 results in the first line,An open engine and a published validation record on I-24 MOTION data; collaboration on the merge and controller work; free or near-free licence.,,not contacted,
"TU Munich, Chair of Traffic Engineering and Control",University / research lab,Germany,3,SUMO-adjacent European research,Chair,,https://tum.de,University directory (public academic e-mail); cite the FlowState I-24 results in the first line,An open engine and a published validation record on I-24 MOTION data; collaboration on the merge and controller work; free or near-free licence.,,not contacted,
"UCLA, Institute of Transportation Studies",University / research lab,CA,3,,ITS director,,https://its.ucla.edu,University directory (public academic e-mail); cite the FlowState I-24 results in the first line,An open engine and a published validation record on I-24 MOTION data; collaboration on the merge and controller work; free or near-free licence.,,not contacted,
"University of Central Florida, Civil Engineering",University / research lab,FL,3,Real-time crash risk and traffic safety modeling,Traffic safety faculty,,https://ucf.edu,University directory (public academic e-mail); cite the FlowState I-24 results in the first line,An open engine and a published validation record on I-24 MOTION data; collaboration on the merge and controller work; free or near-free licence.,,not contacted,
"University of South Florida, CUTR",University / research lab,FL,3,,CUTR director,,https://cutr.usf.edu,University directory (public academic e-mail); cite the FlowState I-24 results in the first line,An open engine and a published validation record on I-24 MOTION data; collaboration on the merge and controller work; free or near-free licence.,,not contacted,
"University of Toronto, Transportation Research Institute",University / research lab,Canada,3,International academic route,UTTRI director,,https://uttri.utoronto.ca,University directory (public academic e-mail); cite the FlowState I-24 results in the first line,An open engine and a published validation record on I-24 MOTION data; collaboration on the merge and controller work; free or near-free licence.,,not contacted,
"University of Washington, STAR Lab",University / research lab,WA,3,Smart transportation applications; WSDOT partner,STAR Lab director,,https://uwstarlab.org,University directory (public academic e-mail); cite the FlowState I-24 results in the first line,An open engine and a published validation record on I-24 MOTION data; collaboration on the merge and controller work; free or near-free licence.,,not contacted,
"University of Wisconsin–Madison, TOPS Lab",University / research lab,WI,3,WisDOT operations research,TOPS Lab director,,https://topslab.wisc.edu,University directory (public academic e-mail); cite the FlowState I-24 results in the first line,An open engine and a published validation record on I-24 MOTION data; collaboration on the merge and controller work; free or near-free licence.,,not contacted,
