row,row_type,kind,x_start_m,x_end_m,length_m,edge,osm_way,lanes_model,lanes_map,speed_model,speed_map,description,flags,worst_severity,look_for,lat,lon,satellite_url,satellite_alt_url,street_view_url,checked_by,imagery_date,result
1,segment,segment,0.0,957.4,957.4,78288791,78288791,3,3,"24.6 m/s (89 km/h, 55 mph)",55 mph,"78288791 (OSM way 78288791): 3 lanes (map 3), 24.6 m/s (89 km/h, 55 mph) (map 55 mph)",,,Count the lanes along the whole segment and look for a speed-limit sign.,44.94871,-92.955423,"https://www.google.com/maps/@?api=1&map_action=map&center=44.948710,-92.955423&zoom=18&basemap=satellite",https://www.bing.com/maps?cp=44.948710~-92.955423&lvl=18&style=a,"https://www.google.com/maps/@?api=1&map_action=pano&viewpoint=44.948710,-92.955423",,,
2,event,lane_gain,957.4,,,78288791,,,,,,"[1] Lane gain 3 -> 4 on the right between 78288791 and 638519815: lane(s) 0 of 4 begin, fed by an on-ramp; map 3 -> 4 (agrees); source: osm",,,"Which lane begins, on which side, and is it fed by a ramp?",44.948722,-92.967559,"https://www.google.com/maps/@?api=1&map_action=map&center=44.948722,-92.967559&zoom=18&basemap=satellite",https://www.bing.com/maps?cp=44.948722~-92.967559&lvl=18&style=a,"https://www.google.com/maps/@?api=1&map_action=pano&viewpoint=44.948722,-92.967559",,,
3,segment,segment,957.4,2043.5,1086.2,638519815,638519815,4,4,"24.6 m/s (89 km/h, 55 mph)",55 mph,"638519815 (OSM way 638519815): 4 lanes (map 4), 24.6 m/s (89 km/h, 55 mph) (map 55 mph)",,,Count the lanes along the whole segment and look for a speed-limit sign.,44.948722,-92.967559,"https://www.google.com/maps/@?api=1&map_action=map&center=44.948722,-92.967559&zoom=18&basemap=satellite",https://www.bing.com/maps?cp=44.948722~-92.967559&lvl=18&style=a,"https://www.google.com/maps/@?api=1&map_action=pano&viewpoint=44.948722,-92.967559",,,
4,event,on_ramp,957.4,,,638519815,,,,,,"[2] On-ramp on-ramp 1077665160 (1081157134) joins 638519815 lane(s) 0 of 4 (right; map: right); added lane 1086 m, runs to the exit 18279036 (weave)",,,"Where does the ramp meet the mainline, and on which side? Is there an acceleration lane beside the mainline, and where does it end (measure from the gore to the end of the taper)?",44.948722,-92.967559,"https://www.google.com/maps/@?api=1&map_action=map&center=44.948722,-92.967559&zoom=18&basemap=satellite",https://www.bing.com/maps?cp=44.948722~-92.967559&lvl=18&style=a,"https://www.google.com/maps/@?api=1&map_action=pano&viewpoint=44.948722,-92.967559",,,
5,event,weave,957.4,,,638519815,,,,,,"[3] Weaving section: on-ramp 1077665160 -> off-ramp 18279036, auxiliary lane 1086 m along 638519815",,,"Is the auxiliary lane continuous from the entrance gore to the exit gore (a dashed line, no solid line across it)? Measure its length gore to gore.",44.948722,-92.967559,"https://www.google.com/maps/@?api=1&map_action=map&center=44.948722,-92.967559&zoom=18&basemap=satellite",https://www.bing.com/maps?cp=44.948722~-92.967559&lvl=18&style=a,"https://www.google.com/maps/@?api=1&map_action=pano&viewpoint=44.948722,-92.967559",,,
6,event,off_ramp,2043.5,,,638519815,,,,,,[4] Off-ramp off-ramp 18279036 (18279036) leaves 638519815 from lane(s) 0 of 4 (right; map: right); turn:lanes |||slight_right; split audit: ok,,,"Which side does the exit leave from, and from which lanes (an exit-only lane, an option lane)? Is there a deceleration lane before the gore, and how long is it?",44.948521,-92.981304,"https://www.google.com/maps/@?api=1&map_action=map&center=44.948521,-92.981304&zoom=18&basemap=satellite",https://www.bing.com/maps?cp=44.948521~-92.981304&lvl=18&style=a,"https://www.google.com/maps/@?api=1&map_action=pano&viewpoint=44.948521,-92.981304",,,
7,event,lane_drop,2043.5,,,638519815,,,,,,[5] Lane drop 4 -> 3 on the right between 638519815 and 996266724: lane(s) 0 of 4 leave at the exit; map 4 -> 3 (agrees); source: osm,,,"Which lane ends, on which side, and where does its taper end?",44.948521,-92.981304,"https://www.google.com/maps/@?api=1&map_action=map&center=44.948521,-92.981304&zoom=18&basemap=satellite",https://www.bing.com/maps?cp=44.948521~-92.981304&lvl=18&style=a,"https://www.google.com/maps/@?api=1&map_action=pano&viewpoint=44.948521,-92.981304",,,
8,segment,segment,2043.5,2284.5,240.9,996266724,996266724,3,3,"24.6 m/s (89 km/h, 55 mph)",55 mph,"996266724 (OSM way 996266724): 3 lanes (map 3), 24.6 m/s (89 km/h, 55 mph) (map 55 mph)",,,Count the lanes along the whole segment and look for a speed-limit sign.,44.948521,-92.981304,"https://www.google.com/maps/@?api=1&map_action=map&center=44.948521,-92.981304&zoom=18&basemap=satellite",https://www.bing.com/maps?cp=44.948521~-92.981304&lvl=18&style=a,"https://www.google.com/maps/@?api=1&map_action=pano&viewpoint=44.948521,-92.981304",,,
9,event,lane_gain,2284.5,,,996266724,,,,,,[6] Lane gain 3 -> 4 on the right between 996266724 and 996266724-AddedOffRampEdge: lane(s) 0 of 3 split in two; map 3 -> 3 (does not agree); source: ramp guessing,,,"Which lane begins, on which side, and is it fed by a ramp?",44.948505,-92.984358,"https://www.google.com/maps/@?api=1&map_action=map&center=44.948505,-92.984358&zoom=18&basemap=satellite",https://www.bing.com/maps?cp=44.948505~-92.984358&lvl=18&style=a,"https://www.google.com/maps/@?api=1&map_action=pano&viewpoint=44.948505,-92.984358",,,
10,segment,segment,2284.5,2377.3,92.8,996266724-AddedOffRampEdge,996266724,4,3,"24.6 m/s (89 km/h, 55 mph)",55 mph,"996266724-AddedOffRampEdge (OSM way 996266724): 4 lanes (map 3), 24.6 m/s (89 km/h, 55 mph) (map 55 mph); a piece ramp guessing split off",lanes_vs_osm,info,"Is there a lane beside the mainline here (4 lanes in all), and over how much of these 93 m?",44.948505,-92.984358,"https://www.google.com/maps/@?api=1&map_action=map&center=44.948505,-92.984358&zoom=18&basemap=satellite",https://www.bing.com/maps?cp=44.948505~-92.984358&lvl=18&style=a,"https://www.google.com/maps/@?api=1&map_action=pano&viewpoint=44.948505,-92.984358",,,
11,segment,segment,2377.3,2444.3,67.0,43917738,43917738,4,3,"24.6 m/s (89 km/h, 55 mph)",55 mph,"43917738 (OSM way 43917738): 4 lanes (map 3), 24.6 m/s (89 km/h, 55 mph) (map 55 mph)",lanes_vs_osm,warning,Count the lanes on the imagery: 4 (model) or 3 (map)?,44.948498,-92.985512,"https://www.google.com/maps/@?api=1&map_action=map&center=44.948498,-92.985512&zoom=18&basemap=satellite",https://www.bing.com/maps?cp=44.948498~-92.985512&lvl=18&style=a,"https://www.google.com/maps/@?api=1&map_action=pano&viewpoint=44.948498,-92.985512",,,
12,segment,segment,2444.3,2541.4,97.1,1014336806,1014336806,4,3,"24.6 m/s (89 km/h, 55 mph)",55 mph,"1014336806 (OSM way 1014336806): 4 lanes (map 3), 24.6 m/s (89 km/h, 55 mph) (map 55 mph)",lanes_vs_osm,warning,Count the lanes on the imagery: 4 (model) or 3 (map)?,44.948495,-92.986325,"https://www.google.com/maps/@?api=1&map_action=map&center=44.948495,-92.986325&zoom=18&basemap=satellite",https://www.bing.com/maps?cp=44.948495~-92.986325&lvl=18&style=a,"https://www.google.com/maps/@?api=1&map_action=pano&viewpoint=44.948495,-92.986325",,,
13,event,off_ramp,2541.4,,,1014336806,,,,,,[7] Off-ramp off-ramp 18207390 (18207390) leaves 1014336806 from lane(s) 0 of 4 (right; map: right); turn:lanes ||through;slight_right; split audit: ok,,,"Which side does the exit leave from, and from which lanes (an exit-only lane, an option lane)? Is there a deceleration lane before the gore, and how long is it?",44.94849,-92.987527,"https://www.google.com/maps/@?api=1&map_action=map&center=44.948490,-92.987527&zoom=18&basemap=satellite",https://www.bing.com/maps?cp=44.948490~-92.987527&lvl=18&style=a,"https://www.google.com/maps/@?api=1&map_action=pano&viewpoint=44.948490,-92.987527",,,
14,event,lane_drop,2541.4,,,1014336806,,,,,,[8] Lane drop 4 -> 3 on the right between 1014336806 and 43917735#0: lane(s) 0 of 4 leave at the exit; map 3 -> 3 (does not agree); source: ramp guessing likely,lane_change_not_in_osm,info,"Does a lane really end here, on the right? Count the lanes before and after: model 4 -> 3. | Which lane ends, on which side, and where does its taper end?",44.94849,-92.987527,"https://www.google.com/maps/@?api=1&map_action=map&center=44.948490,-92.987527&zoom=18&basemap=satellite",https://www.bing.com/maps?cp=44.948490~-92.987527&lvl=18&style=a,"https://www.google.com/maps/@?api=1&map_action=pano&viewpoint=44.948490,-92.987527",,,
15,segment,segment,2541.4,3384.7,843.3,43917735#0,43917735,3,3,"24.6 m/s (89 km/h, 55 mph)",55 mph,"43917735#0 (OSM way 43917735): 3 lanes (map 3), 24.6 m/s (89 km/h, 55 mph) (map 55 mph)",,,Count the lanes along the whole segment and look for a speed-limit sign.,44.94849,-92.987527,"https://www.google.com/maps/@?api=1&map_action=map&center=44.948490,-92.987527&zoom=18&basemap=satellite",https://www.bing.com/maps?cp=44.948490~-92.987527&lvl=18&style=a,"https://www.google.com/maps/@?api=1&map_action=pano&viewpoint=44.948490,-92.987527",,,
16,event,lane_gain,3384.7,,,43917735#0,,,,,,"[9] Lane gain 3 -> 4 on the right between 43917735#0 and 43917735#1-AddedOnRampEdge: lane(s) 0 of 4 begin, fed by an on-ramp; map 3 -> 3 (does not agree); source: ramp guessing",,,"Which lane begins, on which side, and is it fed by a ramp?",44.949571,-92.998066,"https://www.google.com/maps/@?api=1&map_action=map&center=44.949571,-92.998066&zoom=18&basemap=satellite",https://www.bing.com/maps?cp=44.949571~-92.998066&lvl=18&style=a,"https://www.google.com/maps/@?api=1&map_action=pano&viewpoint=44.949571,-92.998066",,,
17,segment,segment,3384.7,3635.8,251.1,43917735#1-AddedOnRampEdge,43917735,4,3,"24.6 m/s (89 km/h, 55 mph)",55 mph,"43917735#1-AddedOnRampEdge (OSM way 43917735): 4 lanes (map 3), 24.6 m/s (89 km/h, 55 mph) (map 55 mph); a piece ramp guessing split off",lanes_vs_osm,info,"Is there a lane beside the mainline here (4 lanes in all), and over how much of these 251 m?",44.949571,-92.998066,"https://www.google.com/maps/@?api=1&map_action=map&center=44.949571,-92.998066&zoom=18&basemap=satellite",https://www.bing.com/maps?cp=44.949571~-92.998066&lvl=18&style=a,"https://www.google.com/maps/@?api=1&map_action=pano&viewpoint=44.949571,-92.998066",,,
18,event,on_ramp,3384.7,,,43917735#1-AddedOnRampEdge,,,,,,"[10] On-ramp on-ramp 18207436 (18207436) joins 43917735#1-AddedOnRampEdge lane(s) 0 of 4 (right; map: right); added lane 251 m, ends in a lane drop (guessed by netconvert)",guessed_aux_lane,info,"Does an acceleration lane exist here, and how long is it (gore to taper end)? | Where does the ramp meet the mainline, and on which side? Is there an acceleration lane beside the mainline, and where does it end (measure from the gore to the end of the taper)?",44.949571,-92.998066,"https://www.google.com/maps/@?api=1&map_action=map&center=44.949571,-92.998066&zoom=18&basemap=satellite",https://www.bing.com/maps?cp=44.949571~-92.998066&lvl=18&style=a,"https://www.google.com/maps/@?api=1&map_action=pano&viewpoint=44.949571,-92.998066",,,
19,event,lane_drop,3635.8,,,43917735#1-AddedOnRampEdge,,,,,,[11] Lane drop 4 -> 3 on the right between 43917735#1-AddedOnRampEdge and 43917735#1: lane(s) 0 of 4 end; map 3 -> 3 (does not agree); source: ramp guessing,,,"Which lane ends, on which side, and where does its taper end?",44.94994,-93.001193,"https://www.google.com/maps/@?api=1&map_action=map&center=44.949940,-93.001193&zoom=18&basemap=satellite",https://www.bing.com/maps?cp=44.949940~-93.001193&lvl=18&style=a,"https://www.google.com/maps/@?api=1&map_action=pano&viewpoint=44.949940,-93.001193",,,
20,segment,segment,3635.8,3691.3,55.5,43917735#1,43917735,3,3,"24.6 m/s (89 km/h, 55 mph)",55 mph,"43917735#1 (OSM way 43917735): 3 lanes (map 3), 24.6 m/s (89 km/h, 55 mph) (map 55 mph)",,,Count the lanes along the whole segment and look for a speed-limit sign.,44.94994,-93.001193,"https://www.google.com/maps/@?api=1&map_action=map&center=44.949940,-93.001193&zoom=18&basemap=satellite",https://www.bing.com/maps?cp=44.949940~-93.001193&lvl=18&style=a,"https://www.google.com/maps/@?api=1&map_action=pano&viewpoint=44.949940,-93.001193",,,
21,event,lane_gain,3691.3,,,43917735#1,,,,,,"[12] Lane gain 3 -> 4 on the right between 43917735#1 and 43917735#2: lane(s) 0 of 4 begin, fed by an on-ramp; map 3 -> 3 (does not agree); source: ramp guessing likely",lane_change_not_in_osm,info,"Does a lane really begin here, on the right? Count the lanes before and after: model 3 -> 4. | Which lane begins, on which side, and is it fed by a ramp?",44.950017,-93.001888,"https://www.google.com/maps/@?api=1&map_action=map&center=44.950017,-93.001888&zoom=18&basemap=satellite",https://www.bing.com/maps?cp=44.950017~-93.001888&lvl=18&style=a,"https://www.google.com/maps/@?api=1&map_action=pano&viewpoint=44.950017,-93.001888",,,
22,segment,segment,3691.3,3913.7,222.4,43917735#2,43917735,4,3,"24.6 m/s (89 km/h, 55 mph)",55 mph,"43917735#2 (OSM way 43917735): 4 lanes (map 3), 24.6 m/s (89 km/h, 55 mph) (map 55 mph)",lanes_vs_osm,warning,Count the lanes on the imagery: 4 (model) or 3 (map)?,44.950017,-93.001888,"https://www.google.com/maps/@?api=1&map_action=map&center=44.950017,-93.001888&zoom=18&basemap=satellite",https://www.bing.com/maps?cp=44.950017~-93.001888&lvl=18&style=a,"https://www.google.com/maps/@?api=1&map_action=pano&viewpoint=44.950017,-93.001888",,,
23,event,on_ramp,3691.3,,,43917735#2,,,,,,"[13] On-ramp on-ramp 18207653 (18207653) joins 43917735#2 lane(s) 0 of 4 (right; map: right); added lane 257 m, ends in a lane drop (guessed by netconvert)",guessed_aux_lane,info,"Does an acceleration lane exist here, and how long is it (gore to taper end)? | Where does the ramp meet the mainline, and on which side? Is there an acceleration lane beside the mainline, and where does it end (measure from the gore to the end of the taper)?",44.950017,-93.001888,"https://www.google.com/maps/@?api=1&map_action=map&center=44.950017,-93.001888&zoom=18&basemap=satellite",https://www.bing.com/maps?cp=44.950017~-93.001888&lvl=18&style=a,"https://www.google.com/maps/@?api=1&map_action=pano&viewpoint=44.950017,-93.001888",,,
24,segment,segment,3913.7,3941.2,27.6,95085315,95085315,4,3,"24.6 m/s (89 km/h, 55 mph)",55 mph,"95085315 (OSM way 95085315): 4 lanes (map 3), 24.6 m/s (89 km/h, 55 mph) (map 55 mph)",lanes_vs_osm,warning,Count the lanes on the imagery: 4 (model) or 3 (map)?,44.95031,-93.004649,"https://www.google.com/maps/@?api=1&map_action=map&center=44.950310,-93.004649&zoom=18&basemap=satellite",https://www.bing.com/maps?cp=44.950310~-93.004649&lvl=18&style=a,"https://www.google.com/maps/@?api=1&map_action=pano&viewpoint=44.950310,-93.004649",,,
25,segment,segment,3941.2,3948.1,6.8,188344235-AddedOnRampEdge,188344235,4,3,"24.6 m/s (89 km/h, 55 mph)",55 mph,"188344235-AddedOnRampEdge (OSM way 188344235): 4 lanes (map 3), 24.6 m/s (89 km/h, 55 mph) (map 55 mph); a piece ramp guessing split off",lanes_vs_osm;short_segment,warning,"Is there a lane beside the mainline here (4 lanes in all), and over how much of these 7 m? | Is anything really here (a gore, a lane line ending, a bridge joint), or is it a map artifact? If a gore or lane change was drawn on it, note where it really is.",44.950349,-93.004957,"https://www.google.com/maps/@?api=1&map_action=map&center=44.950349,-93.004957&zoom=18&basemap=satellite",https://www.bing.com/maps?cp=44.950349~-93.004957&lvl=18&style=a,"https://www.google.com/maps/@?api=1&map_action=pano&viewpoint=44.950349,-93.004957",,,
26,event,lane_drop,3948.1,,,188344235-AddedOnRampEdge,,,,,,[14] Lane drop 4 -> 3 on the right between 188344235-AddedOnRampEdge and 188344235: lane(s) 0 of 4 end; map 3 -> 3 (does not agree); source: ramp guessing,,,"Which lane ends, on which side, and where does its taper end?",44.950357,-93.005021,"https://www.google.com/maps/@?api=1&map_action=map&center=44.950357,-93.005021&zoom=18&basemap=satellite",https://www.bing.com/maps?cp=44.950357~-93.005021&lvl=18&style=a,"https://www.google.com/maps/@?api=1&map_action=pano&viewpoint=44.950357,-93.005021",,,
27,segment,segment,3948.1,3966.4,18.3,188344235,188344235,3,3,"24.6 m/s (89 km/h, 55 mph)",55 mph,"188344235 (OSM way 188344235): 3 lanes (map 3), 24.6 m/s (89 km/h, 55 mph) (map 55 mph)",short_segment,warning,"Is anything really here (a gore, a lane line ending, a bridge joint), or is it a map artifact? If a gore or lane change was drawn on it, note where it really is.",44.950357,-93.005021,"https://www.google.com/maps/@?api=1&map_action=map&center=44.950357,-93.005021&zoom=18&basemap=satellite",https://www.bing.com/maps?cp=44.950357~-93.005021&lvl=18&style=a,"https://www.google.com/maps/@?api=1&map_action=pano&viewpoint=44.950357,-93.005021",,,
28,segment,segment,3966.4,4297.8,331.5,638377595,638377595,3,3,"24.6 m/s (89 km/h, 55 mph)",55 mph,"638377595 (OSM way 638377595): 3 lanes (map 3), 24.6 m/s (89 km/h, 55 mph) (map 55 mph)",,,Count the lanes along the whole segment and look for a speed-limit sign.,44.950386,-93.005249,"https://www.google.com/maps/@?api=1&map_action=map&center=44.950386,-93.005249&zoom=18&basemap=satellite",https://www.bing.com/maps?cp=44.950386~-93.005249&lvl=18&style=a,"https://www.google.com/maps/@?api=1&map_action=pano&viewpoint=44.950386,-93.005249",,,
29,event,lane_gain,4297.8,,,638377595,,,,,,"[15] Lane gain 3 -> 4 on the right between 638377595 and 638519829-AddedOnRampEdge: lane(s) 0 of 4 begin, fed by an on-ramp; map 3 -> 3 (does not agree); source: ramp guessing",,,"Which lane begins, on which side, and is it fed by a ramp?",44.950942,-93.009377,"https://www.google.com/maps/@?api=1&map_action=map&center=44.950942,-93.009377&zoom=18&basemap=satellite",https://www.bing.com/maps?cp=44.950942~-93.009377&lvl=18&style=a,"https://www.google.com/maps/@?api=1&map_action=pano&viewpoint=44.950942,-93.009377",,,
30,segment,segment,4297.8,4548.9,251.0,638519829-AddedOnRampEdge,638519829,4,3,"24.6 m/s (89 km/h, 55 mph)",55 mph,"638519829-AddedOnRampEdge (OSM way 638519829): 4 lanes (map 3), 24.6 m/s (89 km/h, 55 mph) (map 55 mph); a piece ramp guessing split off",lanes_vs_osm,info,"Is there a lane beside the mainline here (4 lanes in all), and over how much of these 251 m?",44.950942,-93.009377,"https://www.google.com/maps/@?api=1&map_action=map&center=44.950942,-93.009377&zoom=18&basemap=satellite",https://www.bing.com/maps?cp=44.950942~-93.009377&lvl=18&style=a,"https://www.google.com/maps/@?api=1&map_action=pano&viewpoint=44.950942,-93.009377",,,
31,event,on_ramp,4297.8,,,638519829-AddedOnRampEdge,,,,,,"[16] On-ramp on-ramp 178547099 (178547099) joins 638519829-AddedOnRampEdge lane(s) 0 of 4 (right; map: right); added lane 251 m, ends in a lane drop (guessed by netconvert)",guessed_aux_lane,info,"Does an acceleration lane exist here, and how long is it (gore to taper end)? | Where does the ramp meet the mainline, and on which side? Is there an acceleration lane beside the mainline, and where does it end (measure from the gore to the end of the taper)?",44.950942,-93.009377,"https://www.google.com/maps/@?api=1&map_action=map&center=44.950942,-93.009377&zoom=18&basemap=satellite",https://www.bing.com/maps?cp=44.950942~-93.009377&lvl=18&style=a,"https://www.google.com/maps/@?api=1&map_action=pano&viewpoint=44.950942,-93.009377",,,
32,event,lane_drop,4548.9,,,638519829-AddedOnRampEdge,,,,,,[17] Lane drop 4 -> 3 on the right between 638519829-AddedOnRampEdge and 638519829: lane(s) 0 of 4 end; map 3 -> 3 (does not agree); source: ramp guessing,,,"Which lane ends, on which side, and where does its taper end?",44.951301,-93.012506,"https://www.google.com/maps/@?api=1&map_action=map&center=44.951301,-93.012506&zoom=18&basemap=satellite",https://www.bing.com/maps?cp=44.951301~-93.012506&lvl=18&style=a,"https://www.google.com/maps/@?api=1&map_action=pano&viewpoint=44.951301,-93.012506",,,
33,segment,segment,4548.9,5180.9,632.0,638519829,638519829,3,3,"24.6 m/s (89 km/h, 55 mph)",55 mph,"638519829 (OSM way 638519829): 3 lanes (map 3), 24.6 m/s (89 km/h, 55 mph) (map 55 mph)",,,Count the lanes along the whole segment and look for a speed-limit sign.,44.951301,-93.012506,"https://www.google.com/maps/@?api=1&map_action=map&center=44.951301,-93.012506&zoom=18&basemap=satellite",https://www.bing.com/maps?cp=44.951301~-93.012506&lvl=18&style=a,"https://www.google.com/maps/@?api=1&map_action=pano&viewpoint=44.951301,-93.012506",,,
34,event,lane_gain,5180.9,,,638519829,,,,,,"[18] Lane gain 3 -> 4 on the right between 638519829 and 999007700: lane(s) 0 of 4 begin, fed by an on-ramp; map 3 -> 4 (agrees); source: osm",,,"Which lane begins, on which side, and is it fed by a ramp?",44.951502,-93.020478,"https://www.google.com/maps/@?api=1&map_action=map&center=44.951502,-93.020478&zoom=18&basemap=satellite",https://www.bing.com/maps?cp=44.951502~-93.020478&lvl=18&style=a,"https://www.google.com/maps/@?api=1&map_action=pano&viewpoint=44.951502,-93.020478",,,
35,segment,segment,5180.9,5316.6,135.8,999007700,999007700,4,4,"24.6 m/s (89 km/h, 55 mph)",55 mph,"999007700 (OSM way 999007700): 4 lanes (map 4), 24.6 m/s (89 km/h, 55 mph) (map 55 mph)",,,Count the lanes along the whole segment and look for a speed-limit sign.,44.951502,-93.020478,"https://www.google.com/maps/@?api=1&map_action=map&center=44.951502,-93.020478&zoom=18&basemap=satellite",https://www.bing.com/maps?cp=44.951502~-93.020478&lvl=18&style=a,"https://www.google.com/maps/@?api=1&map_action=pano&viewpoint=44.951502,-93.020478",,,
36,event,on_ramp,5180.9,,,999007700,,,,,,"[19] On-ramp on-ramp 745524613 (745524613) joins 999007700 lane(s) 0 of 4 (right; map: right); added lane 136 m, runs to the exit 18208090 (weave)",,,"Where does the ramp meet the mainline, and on which side? Is there an acceleration lane beside the mainline, and where does it end (measure from the gore to the end of the taper)?",44.951502,-93.020478,"https://www.google.com/maps/@?api=1&map_action=map&center=44.951502,-93.020478&zoom=18&basemap=satellite",https://www.bing.com/maps?cp=44.951502~-93.020478&lvl=18&style=a,"https://www.google.com/maps/@?api=1&map_action=pano&viewpoint=44.951502,-93.020478",,,
37,event,weave,5180.9,,,999007700,,,,,,"[20] Weaving section: on-ramp 745524613 -> C-D split 18208090, auxiliary lane 136 m along 999007700",,,"Is the auxiliary lane continuous from the entrance gore to the exit gore (a dashed line, no solid line across it)? Measure its length gore to gore.",44.951502,-93.020478,"https://www.google.com/maps/@?api=1&map_action=map&center=44.951502,-93.020478&zoom=18&basemap=satellite",https://www.bing.com/maps?cp=44.951502~-93.020478&lvl=18&style=a,"https://www.google.com/maps/@?api=1&map_action=pano&viewpoint=44.951502,-93.020478",,,
38,event,off_ramp,5316.6,,,999007700,,,,,,[21] Off-ramp C-D split 18208090 (18208090) leaves 999007700 from lane(s) 0 of 4 (right; map: right); turn:lanes none|none|none|slight_right; split audit: ok; split of C-D road 18208090,,,"Which side does the exit leave from, and from which lanes (an exit-only lane, an option lane)? Is there a deceleration lane before the gore, and how long is it?",44.951436,-93.02218,"https://www.google.com/maps/@?api=1&map_action=map&center=44.951436,-93.022180&zoom=18&basemap=satellite",https://www.bing.com/maps?cp=44.951436~-93.022180&lvl=18&style=a,"https://www.google.com/maps/@?api=1&map_action=pano&viewpoint=44.951436,-93.022180",,,
39,event,cd_road,5316.6,,,999007700,,,,,,"[22] Collector-distributor road 18208090: leaves at x=5.317 km (C-D split 18208090), rejoins at x=5.930 km (C-D re-entry 745524608), 613 m downstream",,,"Is this a collector-distributor road (a separate roadway beside the mainline, leaving and rejoining it), and do the interchange ramps use it rather than the mainline?",44.951436,-93.02218,"https://www.google.com/maps/@?api=1&map_action=map&center=44.951436,-93.022180&zoom=18&basemap=satellite",https://www.bing.com/maps?cp=44.951436~-93.022180&lvl=18&style=a,"https://www.google.com/maps/@?api=1&map_action=pano&viewpoint=44.951436,-93.022180",,,
40,event,lane_drop,5316.6,,,999007700,,,,,,[23] Lane drop 4 -> 3 on the right between 999007700 and 95085307: lane(s) 0 of 4 leave at the exit; map 4 -> 3 (agrees); source: osm,,,"Which lane ends, on which side, and where does its taper end?",44.951436,-93.02218,"https://www.google.com/maps/@?api=1&map_action=map&center=44.951436,-93.022180&zoom=18&basemap=satellite",https://www.bing.com/maps?cp=44.951436~-93.022180&lvl=18&style=a,"https://www.google.com/maps/@?api=1&map_action=pano&viewpoint=44.951436,-93.022180",,,
41,segment,segment,5316.6,5929.9,613.2,95085307,95085307,3,3,"24.6 m/s (89 km/h, 55 mph)",55 mph,"95085307 (OSM way 95085307): 3 lanes (map 3), 24.6 m/s (89 km/h, 55 mph) (map 55 mph)",,,Count the lanes along the whole segment and look for a speed-limit sign.,44.951436,-93.02218,"https://www.google.com/maps/@?api=1&map_action=map&center=44.951436,-93.022180&zoom=18&basemap=satellite",https://www.bing.com/maps?cp=44.951436~-93.022180&lvl=18&style=a,"https://www.google.com/maps/@?api=1&map_action=pano&viewpoint=44.951436,-93.022180",,,
42,event,lane_gain,5929.9,,,95085307,,,,,,"[24] Lane gain 3 -> 4 on the right between 95085307 and 998737536-AddedOnRampEdge: lane(s) 0 of 4 begin, fed by an on-ramp; map 3 -> 3 (does not agree); source: ramp guessing",,,"Which lane begins, on which side, and is it fed by a ramp?",44.951661,-93.029928,"https://www.google.com/maps/@?api=1&map_action=map&center=44.951661,-93.029928&zoom=18&basemap=satellite",https://www.bing.com/maps?cp=44.951661~-93.029928&lvl=18&style=a,"https://www.google.com/maps/@?api=1&map_action=pano&viewpoint=44.951661,-93.029928",,,
43,segment,segment,5929.9,6182.2,252.3,998737536-AddedOnRampEdge,998737536,4,3,"24.6 m/s (89 km/h, 55 mph)",55 mph,"998737536-AddedOnRampEdge (OSM way 998737536): 4 lanes (map 3), 24.6 m/s (89 km/h, 55 mph) (map 55 mph); a piece ramp guessing split off",lanes_vs_osm,info,"Is there a lane beside the mainline here (4 lanes in all), and over how much of these 252 m?",44.951661,-93.029928,"https://www.google.com/maps/@?api=1&map_action=map&center=44.951661,-93.029928&zoom=18&basemap=satellite",https://www.bing.com/maps?cp=44.951661~-93.029928&lvl=18&style=a,"https://www.google.com/maps/@?api=1&map_action=pano&viewpoint=44.951661,-93.029928",,,
44,event,on_ramp,5929.9,,,998737536-AddedOnRampEdge,,,,,,"[25] On-ramp C-D re-entry 745524608 (745524608) joins 998737536-AddedOnRampEdge lane(s) 0 of 4 (right; map: right); added lane 385 m, runs to the exit 18207880 (weave) (guessed by netconvert); re-entry of C-D road 18208090",guessed_aux_lane,info,"Does an acceleration lane exist here, and how long is it (gore to taper end)? | Where does the ramp meet the mainline, and on which side? Is there an acceleration lane beside the mainline, and where does it end (measure from the gore to the end of the taper)?",44.951661,-93.029928,"https://www.google.com/maps/@?api=1&map_action=map&center=44.951661,-93.029928&zoom=18&basemap=satellite",https://www.bing.com/maps?cp=44.951661~-93.029928&lvl=18&style=a,"https://www.google.com/maps/@?api=1&map_action=pano&viewpoint=44.951661,-93.029928",,,
45,event,weave,5929.9,,,998737536-AddedOnRampEdge,,,,,,"[26] Weaving section: C-D re-entry 745524608 -> off-ramp 18207880, auxiliary lane 385 m along 998737536-AddedOnRampEdge, 998737536",,,"Is the auxiliary lane continuous from the entrance gore to the exit gore (a dashed line, no solid line across it)? Measure its length gore to gore.",44.951661,-93.029928,"https://www.google.com/maps/@?api=1&map_action=map&center=44.951661,-93.029928&zoom=18&basemap=satellite",https://www.bing.com/maps?cp=44.951661~-93.029928&lvl=18&style=a,"https://www.google.com/maps/@?api=1&map_action=pano&viewpoint=44.951661,-93.029928",,,
46,segment,segment,6182.2,6315.3,133.1,998737536,998737536,4,3,"24.6 m/s (89 km/h, 55 mph)",55 mph,"998737536 (OSM way 998737536): 4 lanes (map 3), 24.6 m/s (89 km/h, 55 mph) (map 55 mph)",lanes_vs_osm,warning,Count the lanes on the imagery: 4 (model) or 3 (map)?,44.952099,-93.033036,"https://www.google.com/maps/@?api=1&map_action=map&center=44.952099,-93.033036&zoom=18&basemap=satellite",https://www.bing.com/maps?cp=44.952099~-93.033036&lvl=18&style=a,"https://www.google.com/maps/@?api=1&map_action=pano&viewpoint=44.952099,-93.033036",,,
47,event,off_ramp,6315.3,,,998737536,,,,,,[27] Off-ramp off-ramp 18207880 (18207880) leaves 998737536 from lane(s) 0 of 4 (right; map: right); turn:lanes none|none|through;slight_right; split audit: ok,,,"Which side does the exit leave from, and from which lanes (an exit-only lane, an option lane)? Is there a deceleration lane before the gore, and how long is it?",44.952328,-93.034663,"https://www.google.com/maps/@?api=1&map_action=map&center=44.952328,-93.034663&zoom=18&basemap=satellite",https://www.bing.com/maps?cp=44.952328~-93.034663&lvl=18&style=a,"https://www.google.com/maps/@?api=1&map_action=pano&viewpoint=44.952328,-93.034663",,,
48,event,lane_drop,6315.3,,,998737536,,,,,,[28] Lane drop 4 -> 3 on the right between 998737536 and 998737535: lane(s) 0 of 4 leave at the exit; map 3 -> 3 (does not agree); source: ramp guessing likely,lane_change_not_in_osm,info,"Does a lane really end here, on the right? Count the lanes before and after: model 4 -> 3. | Which lane ends, on which side, and where does its taper end?",44.952328,-93.034663,"https://www.google.com/maps/@?api=1&map_action=map&center=44.952328,-93.034663&zoom=18&basemap=satellite",https://www.bing.com/maps?cp=44.952328~-93.034663&lvl=18&style=a,"https://www.google.com/maps/@?api=1&map_action=pano&viewpoint=44.952328,-93.034663",,,
49,segment,segment,6315.3,6743.8,428.5,998737535,998737535,3,3,"24.6 m/s (89 km/h, 55 mph)",55 mph,"998737535 (OSM way 998737535): 3 lanes (map 3), 24.6 m/s (89 km/h, 55 mph) (map 55 mph)",,,Count the lanes along the whole segment and look for a speed-limit sign.,44.952328,-93.034663,"https://www.google.com/maps/@?api=1&map_action=map&center=44.952328,-93.034663&zoom=18&basemap=satellite",https://www.bing.com/maps?cp=44.952328~-93.034663&lvl=18&style=a,"https://www.google.com/maps/@?api=1&map_action=pano&viewpoint=44.952328,-93.034663",,,
50,segment,segment,6743.8,6943.6,199.8,45608473,45608473,3,3,"24.6 m/s (89 km/h, 55 mph)",55 mph,"45608473 (OSM way 45608473): 3 lanes (map 3), 24.6 m/s (89 km/h, 55 mph) (map 55 mph)",,,Count the lanes along the whole segment and look for a speed-limit sign.,44.95279,-93.040051,"https://www.google.com/maps/@?api=1&map_action=map&center=44.952790,-93.040051&zoom=18&basemap=satellite",https://www.bing.com/maps?cp=44.952790~-93.040051&lvl=18&style=a,"https://www.google.com/maps/@?api=1&map_action=pano&viewpoint=44.952790,-93.040051",,,
51,segment,segment,6943.6,7389.0,445.4,45608474,45608474,3,3,"24.6 m/s (89 km/h, 55 mph)",55 mph,"45608474 (OSM way 45608474): 3 lanes (map 3), 24.6 m/s (89 km/h, 55 mph) (map 55 mph)",,,Count the lanes along the whole segment and look for a speed-limit sign.,44.952784,-93.042583,"https://www.google.com/maps/@?api=1&map_action=map&center=44.952784,-93.042583&zoom=18&basemap=satellite",https://www.bing.com/maps?cp=44.952784~-93.042583&lvl=18&style=a,"https://www.google.com/maps/@?api=1&map_action=pano&viewpoint=44.952784,-93.042583",,,
52,event,lane_gain,7389.0,,,45608474,,,,,,"[29] Lane gain 3 -> 5 on the right between 45608474 and 51866108: lane(s) 0,1 of 5 begin, fed by an on-ramp; map 3 -> 5 (agrees); source: osm",,,"Which lane begins, on which side, and is it fed by a ramp?",44.952357,-93.048196,"https://www.google.com/maps/@?api=1&map_action=map&center=44.952357,-93.048196&zoom=18&basemap=satellite",https://www.bing.com/maps?cp=44.952357~-93.048196&lvl=18&style=a,"https://www.google.com/maps/@?api=1&map_action=pano&viewpoint=44.952357,-93.048196",,,
53,segment,segment,7389.0,7453.8,64.8,51866108,51866108,5,5,"24.6 m/s (89 km/h, 55 mph)",55 mph,"51866108 (OSM way 51866108): 5 lanes (map 5), 24.6 m/s (89 km/h, 55 mph) (map 55 mph)",,,Count the lanes along the whole segment and look for a speed-limit sign.,44.952357,-93.048196,"https://www.google.com/maps/@?api=1&map_action=map&center=44.952357,-93.048196&zoom=18&basemap=satellite",https://www.bing.com/maps?cp=44.952357~-93.048196&lvl=18&style=a,"https://www.google.com/maps/@?api=1&map_action=pano&viewpoint=44.952357,-93.048196",,,
54,event,on_ramp,7389.0,,,51866108,,,,,,"[30] On-ramp on-ramp 53062592 (59339950) joins 51866108 lane(s) 0,1 of 5 (right; map: right); added lane 1136 m, runs to the exit 18207912 (weave)",,,"Where does the ramp meet the mainline, and on which side? Is there an acceleration lane beside the mainline, and where does it end (measure from the gore to the end of the taper)?",44.952357,-93.048196,"https://www.google.com/maps/@?api=1&map_action=map&center=44.952357,-93.048196&zoom=18&basemap=satellite",https://www.bing.com/maps?cp=44.952357~-93.048196&lvl=18&style=a,"https://www.google.com/maps/@?api=1&map_action=pano&viewpoint=44.952357,-93.048196",,,
55,event,weave,7389.0,,,51866108,,,,,,"[31] Weaving section: on-ramp 53062592 -> off-ramp 18207912, auxiliary lane 1136 m along 51866108, 45608490, 45608485",,,"Is the auxiliary lane continuous from the entrance gore to the exit gore (a dashed line, no solid line across it)? Measure its length gore to gore.",44.952357,-93.048196,"https://www.google.com/maps/@?api=1&map_action=map&center=44.952357,-93.048196&zoom=18&basemap=satellite",https://www.bing.com/maps?cp=44.952357~-93.048196&lvl=18&style=a,"https://www.google.com/maps/@?api=1&map_action=pano&viewpoint=44.952357,-93.048196",,,
56,segment,segment,7453.8,7498.8,45.0,45608490,45608490,5,5,"24.6 m/s (89 km/h, 55 mph)",55 mph,"45608490 (OSM way 45608490): 5 lanes (map 5), 24.6 m/s (89 km/h, 55 mph) (map 55 mph)",,,Count the lanes along the whole segment and look for a speed-limit sign.,44.95229,-93.048946,"https://www.google.com/maps/@?api=1&map_action=map&center=44.952290,-93.048946&zoom=18&basemap=satellite",https://www.bing.com/maps?cp=44.952290~-93.048946&lvl=18&style=a,"https://www.google.com/maps/@?api=1&map_action=pano&viewpoint=44.952290,-93.048946",,,
57,segment,segment,7498.8,8524.6,1025.8,45608485,45608485,5,5,"24.6 m/s (89 km/h, 55 mph)",55 mph,"45608485 (OSM way 45608485): 5 lanes (map 5), 24.6 m/s (89 km/h, 55 mph) (map 55 mph)",,,Count the lanes along the whole segment and look for a speed-limit sign.,44.952234,-93.049511,"https://www.google.com/maps/@?api=1&map_action=map&center=44.952234,-93.049511&zoom=18&basemap=satellite",https://www.bing.com/maps?cp=44.952234~-93.049511&lvl=18&style=a,"https://www.google.com/maps/@?api=1&map_action=pano&viewpoint=44.952234,-93.049511",,,
58,event,off_ramp,8524.6,,,45608485,,,,,,"[32] Off-ramp off-ramp 18207912 (18207912) leaves 45608485 from lane(s) 0,1 of 5 (right; map: right); turn:lanes |||slight_right|slight_right; split audit: ok",,,"Which side does the exit leave from, and from which lanes (an exit-only lane, an option lane)? Is there a deceleration lane before the gore, and how long is it?",44.951964,-93.062394,"https://www.google.com/maps/@?api=1&map_action=map&center=44.951964,-93.062394&zoom=18&basemap=satellite",https://www.bing.com/maps?cp=44.951964~-93.062394&lvl=18&style=a,"https://www.google.com/maps/@?api=1&map_action=pano&viewpoint=44.951964,-93.062394",,,
59,event,lane_drop,8524.6,,,45608485,,,,,,"[33] Lane drop 5 -> 3 on the right between 45608485 and 45782590: lane(s) 0,1 of 5 leave at the exit; map 5 -> 3 (agrees); source: osm",,,"Which lane ends, on which side, and where does its taper end?",44.951964,-93.062394,"https://www.google.com/maps/@?api=1&map_action=map&center=44.951964,-93.062394&zoom=18&basemap=satellite",https://www.bing.com/maps?cp=44.951964~-93.062394&lvl=18&style=a,"https://www.google.com/maps/@?api=1&map_action=pano&viewpoint=44.951964,-93.062394",,,
60,segment,segment,8524.6,9295.0,770.4,45782590,45782590,3,3,"24.6 m/s (89 km/h, 55 mph)",55 mph,"45782590 (OSM way 45782590): 3 lanes (map 3), 24.6 m/s (89 km/h, 55 mph) (map 55 mph)",,,Count the lanes along the whole segment and look for a speed-limit sign.,44.951964,-93.062394,"https://www.google.com/maps/@?api=1&map_action=map&center=44.951964,-93.062394&zoom=18&basemap=satellite",https://www.bing.com/maps?cp=44.951964~-93.062394&lvl=18&style=a,"https://www.google.com/maps/@?api=1&map_action=pano&viewpoint=44.951964,-93.062394",,,
61,event,lane_gain,9295.0,,,45782590,,,,,,[34] Lane gain 3 -> 4 on the right between 45782590 and 45782590-AddedOffRampEdge: lane(s) 0 of 3 split in two; map 3 -> 3 (does not agree); source: ramp guessing,,,"Which lane begins, on which side, and is it fed by a ramp?",44.953312,-93.071586,"https://www.google.com/maps/@?api=1&map_action=map&center=44.953312,-93.071586&zoom=18&basemap=satellite",https://www.bing.com/maps?cp=44.953312~-93.071586&lvl=18&style=a,"https://www.google.com/maps/@?api=1&map_action=pano&viewpoint=44.953312,-93.071586",,,
62,segment,segment,9295.0,9547.4,252.4,45782590-AddedOffRampEdge,45782590,4,3,"24.6 m/s (89 km/h, 55 mph)",55 mph,"45782590-AddedOffRampEdge (OSM way 45782590): 4 lanes (map 3), 24.6 m/s (89 km/h, 55 mph) (map 55 mph); a piece ramp guessing split off",lanes_vs_osm,info,"Is there a lane beside the mainline here (4 lanes in all), and over how much of these 252 m?",44.953312,-93.071586,"https://www.google.com/maps/@?api=1&map_action=map&center=44.953312,-93.071586&zoom=18&basemap=satellite",https://www.bing.com/maps?cp=44.953312~-93.071586&lvl=18&style=a,"https://www.google.com/maps/@?api=1&map_action=pano&viewpoint=44.953312,-93.071586",,,
63,event,off_ramp,9547.4,,,45782590-AddedOffRampEdge,,,,,,[35] Off-ramp off-ramp 42165869 (42165869) leaves 45782590-AddedOffRampEdge from lane(s) 3 of 4 (left; map: left); turn:lanes slight_left;through|none|none; deceleration lane 252 m (guessed by netconvert); split audit: ok,guessed_aux_lane,info,"Does a deceleration lane exist before the gore, and how long is it? | Which side does the exit leave from, and from which lanes (an exit-only lane, an option lane)? Is there a deceleration lane before the gore, and how long is it?",44.954894,-93.073808,"https://www.google.com/maps/@?api=1&map_action=map&center=44.954894,-93.073808&zoom=18&basemap=satellite",https://www.bing.com/maps?cp=44.954894~-93.073808&lvl=18&style=a,"https://www.google.com/maps/@?api=1&map_action=pano&viewpoint=44.954894,-93.073808",,,
64,event,lane_drop,9547.4,,,45782590-AddedOffRampEdge,,,,,,[36] Lane drop 4 -> 3 on the left between 45782590-AddedOffRampEdge and 1000805867: lane(s) 3 of 4 leave at the exit; map 3 -> 3 (does not agree); source: ramp guessing,lane_change_left,info,"Which side does the lane really end or begin on? netconvert chooses the side; it chose wrongly at two Minnesota exits. | Which lane ends, on which side, and where does its taper end?",44.954894,-93.073808,"https://www.google.com/maps/@?api=1&map_action=map&center=44.954894,-93.073808&zoom=18&basemap=satellite",https://www.bing.com/maps?cp=44.954894~-93.073808&lvl=18&style=a,"https://www.google.com/maps/@?api=1&map_action=pano&viewpoint=44.954894,-93.073808",,,
65,segment,segment,9547.4,9867.5,320.1,1000805867,1000805867,3,3,"24.6 m/s (89 km/h, 55 mph)",55 mph,"1000805867 (OSM way 1000805867): 3 lanes (map 3), 24.6 m/s (89 km/h, 55 mph) (map 55 mph)",,,Count the lanes along the whole segment and look for a speed-limit sign.,44.954894,-93.073808,"https://www.google.com/maps/@?api=1&map_action=map&center=44.954894,-93.073808&zoom=18&basemap=satellite",https://www.bing.com/maps?cp=44.954894~-93.073808&lvl=18&style=a,"https://www.google.com/maps/@?api=1&map_action=pano&viewpoint=44.954894,-93.073808",,,
66,segment,segment,9867.5,9943.9,76.4,40648793#0,40648793,3,3,"24.6 m/s (89 km/h, 55 mph)",55 mph,"40648793#0 (OSM way 40648793): 3 lanes (map 3), 24.6 m/s (89 km/h, 55 mph) (map 55 mph)",,,Count the lanes along the whole segment and look for a speed-limit sign.,44.955042,-93.077719,"https://www.google.com/maps/@?api=1&map_action=map&center=44.955042,-93.077719&zoom=18&basemap=satellite",https://www.bing.com/maps?cp=44.955042~-93.077719&lvl=18&style=a,"https://www.google.com/maps/@?api=1&map_action=pano&viewpoint=44.955042,-93.077719",,,
67,event,lane_gain,9943.9,,,40648793#0,,,,,,"[37] Lane gain 3 -> 4 on the right between 40648793#0 and 40648793#1: lane(s) 0 of 4 begin, fed by an on-ramp; map 3 -> 3 (does not agree); source: ramp guessing likely",lane_change_not_in_osm,info,"Does a lane really begin here, on the right? Count the lanes before and after: model 3 -> 4. | Which lane begins, on which side, and is it fed by a ramp?",44.954715,-93.078569,"https://www.google.com/maps/@?api=1&map_action=map&center=44.954715,-93.078569&zoom=18&basemap=satellite",https://www.bing.com/maps?cp=44.954715~-93.078569&lvl=18&style=a,"https://www.google.com/maps/@?api=1&map_action=pano&viewpoint=44.954715,-93.078569",,,
68,segment,segment,9943.9,10095.2,151.4,40648793#1,40648793,4,3,"24.6 m/s (89 km/h, 55 mph)",55 mph,"40648793#1 (OSM way 40648793): 4 lanes (map 3), 24.6 m/s (89 km/h, 55 mph) (map 55 mph)",lanes_vs_osm,warning,Count the lanes on the imagery: 4 (model) or 3 (map)?,44.954715,-93.078569,"https://www.google.com/maps/@?api=1&map_action=map&center=44.954715,-93.078569&zoom=18&basemap=satellite",https://www.bing.com/maps?cp=44.954715~-93.078569&lvl=18&style=a,"https://www.google.com/maps/@?api=1&map_action=pano&viewpoint=44.954715,-93.078569",,,
69,event,on_ramp,9943.9,,,40648793#1,,,,,,"[38] On-ramp on-ramp 40648744 (18207681) joins 40648793#1 lane(s) 0 of 4 (right; map: right); added lane 254 m, ends in a lane drop (guessed by netconvert)",guessed_aux_lane,info,"Does an acceleration lane exist here, and how long is it (gore to taper end)? | Where does the ramp meet the mainline, and on which side? Is there an acceleration lane beside the mainline, and where does it end (measure from the gore to the end of the taper)?",44.954715,-93.078569,"https://www.google.com/maps/@?api=1&map_action=map&center=44.954715,-93.078569&zoom=18&basemap=satellite",https://www.bing.com/maps?cp=44.954715~-93.078569&lvl=18&style=a,"https://www.google.com/maps/@?api=1&map_action=pano&viewpoint=44.954715,-93.078569",,,
70,segment,segment,10095.2,10197.7,102.4,40648738-AddedOnRampEdge,40648738,4,3,"24.6 m/s (89 km/h, 55 mph)",55 mph,"40648738-AddedOnRampEdge (OSM way 40648738): 4 lanes (map 3), 24.6 m/s (89 km/h, 55 mph) (map 55 mph); a piece ramp guessing split off",lanes_vs_osm,info,"Is there a lane beside the mainline here (4 lanes in all), and over how much of these 102 m?",44.953973,-93.080146,"https://www.google.com/maps/@?api=1&map_action=map&center=44.953973,-93.080146&zoom=18&basemap=satellite",https://www.bing.com/maps?cp=44.953973~-93.080146&lvl=18&style=a,"https://www.google.com/maps/@?api=1&map_action=pano&viewpoint=44.953973,-93.080146",,,
71,event,lane_drop,10197.7,,,40648738-AddedOnRampEdge,,,,,,[39] Lane drop 4 -> 3 on the right between 40648738-AddedOnRampEdge and 40648738: lane(s) 0 of 4 end; map 3 -> 3 (does not agree); source: ramp guessing,,,"Which lane ends, on which side, and where does its taper end?",44.953478,-93.081216,"https://www.google.com/maps/@?api=1&map_action=map&center=44.953478,-93.081216&zoom=18&basemap=satellite",https://www.bing.com/maps?cp=44.953478~-93.081216&lvl=18&style=a,"https://www.google.com/maps/@?api=1&map_action=pano&viewpoint=44.953478,-93.081216",,,
72,segment,segment,10197.7,10426.6,229.0,40648738,40648738,3,3,"24.6 m/s (89 km/h, 55 mph)",55 mph,"40648738 (OSM way 40648738): 3 lanes (map 3), 24.6 m/s (89 km/h, 55 mph) (map 55 mph)",,,Count the lanes along the whole segment and look for a speed-limit sign.,44.953478,-93.081216,"https://www.google.com/maps/@?api=1&map_action=map&center=44.953478,-93.081216&zoom=18&basemap=satellite",https://www.bing.com/maps?cp=44.953478~-93.081216&lvl=18&style=a,"https://www.google.com/maps/@?api=1&map_action=pano&viewpoint=44.953478,-93.081216",,,
73,event,lane_gain,10426.6,,,40648738,,,,,,"[40] Lane gain 3 -> 4 on the right between 40648738 and 51388891: lane(s) 0 of 4 begin, fed by an on-ramp; map 3 -> 4 (agrees); source: osm",,,"Which lane begins, on which side, and is it fed by a ramp?",44.952673,-93.083884,"https://www.google.com/maps/@?api=1&map_action=map&center=44.952673,-93.083884&zoom=18&basemap=satellite",https://www.bing.com/maps?cp=44.952673~-93.083884&lvl=18&style=a,"https://www.google.com/maps/@?api=1&map_action=pano&viewpoint=44.952673,-93.083884",,,
74,segment,segment,10426.6,10731.6,305.0,51388891,51388891,4,4,"24.6 m/s (89 km/h, 55 mph)",55 mph,"51388891 (OSM way 51388891): 4 lanes (map 4), 24.6 m/s (89 km/h, 55 mph) (map 55 mph)",,,Count the lanes along the whole segment and look for a speed-limit sign.,44.952673,-93.083884,"https://www.google.com/maps/@?api=1&map_action=map&center=44.952673,-93.083884&zoom=18&basemap=satellite",https://www.bing.com/maps?cp=44.952673~-93.083884&lvl=18&style=a,"https://www.google.com/maps/@?api=1&map_action=pano&viewpoint=44.952673,-93.083884",,,
75,event,on_ramp,10426.6,,,51388891,,,,,,"[41] On-ramp on-ramp 769818012 (194037903) joins 51388891 lane(s) 0 of 4 (right; map: right); added lane 305 m, runs to the exit 18207598 (weave)",,,"Where does the ramp meet the mainline, and on which side? Is there an acceleration lane beside the mainline, and where does it end (measure from the gore to the end of the taper)?",44.952673,-93.083884,"https://www.google.com/maps/@?api=1&map_action=map&center=44.952673,-93.083884&zoom=18&basemap=satellite",https://www.bing.com/maps?cp=44.952673~-93.083884&lvl=18&style=a,"https://www.google.com/maps/@?api=1&map_action=pano&viewpoint=44.952673,-93.083884",,,
76,event,weave,10426.6,,,51388891,,,,,,"[42] Weaving section: on-ramp 769818012 -> off-ramp 18207598, auxiliary lane 305 m along 51388891",,,"Is the auxiliary lane continuous from the entrance gore to the exit gore (a dashed line, no solid line across it)? Measure its length gore to gore.",44.952673,-93.083884,"https://www.google.com/maps/@?api=1&map_action=map&center=44.952673,-93.083884&zoom=18&basemap=satellite",https://www.bing.com/maps?cp=44.952673~-93.083884&lvl=18&style=a,"https://www.google.com/maps/@?api=1&map_action=pano&viewpoint=44.952673,-93.083884",,,
77,event,off_ramp,10731.6,,,51388891,,,,,,[43] Off-ramp off-ramp 18207598 (18207598) leaves 51388891 from lane(s) 0 of 4 (right; map: right); turn:lanes none|none|none|slight_right; split audit: ok,,,"Which side does the exit leave from, and from which lanes (an exit-only lane, an option lane)? Is there a deceleration lane before the gore, and how long is it?",44.952707,-93.087583,"https://www.google.com/maps/@?api=1&map_action=map&center=44.952707,-93.087583&zoom=18&basemap=satellite",https://www.bing.com/maps?cp=44.952707~-93.087583&lvl=18&style=a,"https://www.google.com/maps/@?api=1&map_action=pano&viewpoint=44.952707,-93.087583",,,
78,event,lane_drop,10731.6,,,51388891,,,,,,[44] Lane drop 4 -> 3 on the right between 51388891 and 1001426896: lane(s) 0 of 4 leave at the exit; map 4 -> 3 (agrees); source: osm,,,"Which lane ends, on which side, and where does its taper end?",44.952707,-93.087583,"https://www.google.com/maps/@?api=1&map_action=map&center=44.952707,-93.087583&zoom=18&basemap=satellite",https://www.bing.com/maps?cp=44.952707~-93.087583&lvl=18&style=a,"https://www.google.com/maps/@?api=1&map_action=pano&viewpoint=44.952707,-93.087583",,,
79,segment,segment,10731.6,10952.6,220.9,1001426896,1001426896,3,3,"24.6 m/s (89 km/h, 55 mph)",55 mph,"1001426896 (OSM way 1001426896): 3 lanes (map 3), 24.6 m/s (89 km/h, 55 mph) (map 55 mph)",,,Count the lanes along the whole segment and look for a speed-limit sign.,44.952707,-93.087583,"https://www.google.com/maps/@?api=1&map_action=map&center=44.952707,-93.087583&zoom=18&basemap=satellite",https://www.bing.com/maps?cp=44.952707~-93.087583&lvl=18&style=a,"https://www.google.com/maps/@?api=1&map_action=pano&viewpoint=44.952707,-93.087583",,,
80,event,off_ramp,10952.6,,,1001426896,,,,,,[45] Off-ramp off-ramp 82150350 (82150350) leaves 1001426896 from lane(s) 0 of 3 (right; map: right); option lane(s) 0; turn:lanes none|none|through;slight_right; split audit: ok,,,"Which side does the exit leave from, and from which lanes (an exit-only lane, an option lane)? Is there a deceleration lane before the gore, and how long is it?",44.954043,-93.089649,"https://www.google.com/maps/@?api=1&map_action=map&center=44.954043,-93.089649&zoom=18&basemap=satellite",https://www.bing.com/maps?cp=44.954043~-93.089649&lvl=18&style=a,"https://www.google.com/maps/@?api=1&map_action=pano&viewpoint=44.954043,-93.089649",,,
81,segment,segment,10952.6,11477.4,524.8,82578022,82578022,3,3,"24.6 m/s (89 km/h, 55 mph)",55 mph,"82578022 (OSM way 82578022): 3 lanes (map 3), 24.6 m/s (89 km/h, 55 mph) (map 55 mph)",,,Count the lanes along the whole segment and look for a speed-limit sign.,44.954043,-93.089649,"https://www.google.com/maps/@?api=1&map_action=map&center=44.954043,-93.089649&zoom=18&basemap=satellite",https://www.bing.com/maps?cp=44.954043~-93.089649&lvl=18&style=a,"https://www.google.com/maps/@?api=1&map_action=pano&viewpoint=44.954043,-93.089649",,,
